격자_ID,버스정류장_개수
0.0,1
2.0,1
17.0,1
23.0,1
24.0,1
33.0,3
34.0,1
35.0,1
36.0,4
39.0,2
40.0,2
53.0,2
54.0,4
55.0,2
63.0,1
64.0,1
67.0,1
74.0,5
75.0,1
76.0,5
78.0,4
82.0,3
83.0,2
84.0,3
89.0,1
90.0,2
91.0,1
93.0,4
94.0,8
95.0,4
96.0,4
101.0,3
102.0,1
103.0,1
104.0,2
113.0,2
114.0,4
116.0,4
121.0,1
122.0,1
124.0,4
126.0,1
128.0,4
135.0,1
136.0,2
141.0,1
142.0,1
148.0,2
149.0,1
156.0,2
157.0,2
162.0,2
173.0,6
175.0,1
181.0,3
182.0,1
193.0,3
194.0,3
195.0,2
200.0,2
201.0,4
202.0,3
203.0,5
204.0,3
205.0,2
206.0,2
207.0,2
208.0,1
210.0,1
212.0,3
216.0,2
219.0,1
222.0,7
223.0,3
224.0,6
230.0,1
231.0,1
235.0,2
236.0,4
237.0,2
238.0,2
247.0,1
248.0,1
257.0,1
262.0,2
263.0,1
273.0,1
274.0,2
275.0,2
278.0,6
279.0,3
280.0,2
284.0,2
289.0,3
290.0,2
291.0,1
293.0,1
294.0,1
295.0,8
296.0,6
299.0,4
301.0,7
302.0,3
303.0,2
317.0,3
318.0,3
319.0,4
320.0,6
326.0,1
327.0,1
341.0,3
342.0,1
354.0,2
357.0,2
358.0,2
359.0,3
360.0,1
362.0,3
375.0,2
379.0,1
381.0,2
385.0,1
386.0,1
397.0,5
398.0,4
399.0,2
400.0,3
401.0,2
402.0,2
403.0,2
405.0,1
410.0,2
415.0,1
416.0,3
417.0,4
418.0,3
420.0,2
423.0,4
424.0,7
425.0,4
426.0,2
427.0,6
430.0,4
432.0,1
438.0,2
443.0,3
444.0,4
445.0,4
455.0,1
456.0,6
457.0,4
459.0,2
460.0,2
461.0,6
462.0,5
464.0,2
467.0,2
471.0,6
472.0,4
474.0,5
475.0,2
478.0,6
479.0,1
482.0,1
483.0,1
484.0,1
492.0,6
495.0,1
496.0,2
498.0,2
499.0,2
501.0,1
508.0,2
511.0,2
512.0,2
523.0,3
527.0,5
528.0,2
529.0,2
530.0,6
533.0,2
539.0,2
540.0,2
544.0,4
548.0,3
549.0,2
550.0,4
553.0,5
554.0,2
559.0,4
563.0,1
564.0,2
565.0,2
567.0,2
579.0,3
589.0,2
599.0,1
600.0,5
601.0,2
602.0,1
605.0,2
606.0,3
608.0,6
610.0,8
612.0,4
613.0,2
614.0,6
620.0,2
622.0,3
624.0,1
625.0,1
626.0,3
628.0,5
629.0,3
632.0,4
633.0,2
635.0,2
639.0,4
640.0,2
642.0,3
650.0,2
652.0,4
655.0,2
656.0,2
658.0,3
661.0,1
664.0,2
676.0,1
679.0,3
682.0,2
683.0,1
684.0,4
685.0,2
688.0,2
689.0,2
690.0,2
691.0,1
692.0,1
695.0,2
696.0,2
697.0,1
698.0,2
699.0,4
702.0,4
703.0,1
704.0,2
705.0,4
706.0,4
714.0,2
715.0,6
716.0,1
723.0,4
724.0,1
726.0,2
727.0,3
728.0,2
729.0,4
730.0,2
734.0,6
737.0,2
739.0,1
740.0,2
745.0,3
746.0,1
749.0,1
751.0,2
752.0,2
753.0,4
754.0,6
757.0,1
758.0,1
759.0,1
760.0,1
762.0,3
766.0,2
768.0,2
769.0,2
771.0,2
772.0,2
773.0,5
774.0,4
775.0,2
777.0,2
779.0,1
780.0,2
783.0,2
785.0,2
787.0,2
792.0,1
793.0,2
794.0,2
799.0,1
810.0,1
811.0,1
812.0,1
813.0,4
814.0,2
816.0,2
817.0,2
818.0,2
820.0,2
821.0,1
823.0,3
824.0,2
827.0,1
830.0,2
832.0,4
835.0,4
836.0,2
837.0,4
838.0,2
843.0,2
844.0,2
846.0,2
847.0,2
848.0,2
849.0,3
850.0,1
851.0,1
852.0,1
853.0,2
854.0,2
857.0,1
858.0,2
864.0,2
865.0,1
869.0,2
872.0,2
873.0,2
874.0,1
875.0,4
878.0,3
879.0,2
881.0,4
885.0,2
886.0,4
888.0,1
889.0,3
891.0,2
892.0,4
895.0,2
896.0,2
900.0,5
901.0,5
907.0,2
909.0,2
910.0,2
911.0,2
912.0,2
916.0,2
918.0,4
920.0,3
921.0,2
922.0,2
928.0,3
929.0,5
930.0,2
932.0,4
933.0,1
934.0,1
935.0,2
937.0,4
938.0,1
940.0,4
942.0,4
943.0,2
944.0,5
945.0,2
946.0,2
947.0,2
948.0,4
960.0,6
961.0,2
962.0,2
963.0,3
964.0,2
966.0,2
976.0,2
979.0,5
981.0,2
984.0,4
986.0,1
989.0,1
990.0,2
991.0,2
992.0,5
993.0,2
994.0,2
998.0,1
1003.0,2
1007.0,1
1008.0,3
1009.0,1
1010.0,2
1013.0,2
1015.0,2
1016.0,2
1019.0,2
1020.0,1
1023.0,2
1026.0,4
1027.0,2
1030.0,2
1033.0,1
1035.0,1
1036.0,1
1039.0,2
1040.0,1
1047.0,1
1048.0,2
1050.0,2
1052.0,1
1053.0,8
1054.0,5
1055.0,2
1056.0,2
1058.0,3
1060.0,4
1062.0,1
1064.0,2
1065.0,1
1066.0,1
1068.0,2
1069.0,2
1070.0,1
1082.0,4
1084.0,1
1085.0,1
1096.0,2
1097.0,1
1098.0,2
1100.0,2
1103.0,2
1104.0,4
1105.0,3
1123.0,1
1127.0,3
1128.0,2
1130.0,4
1131.0,2
1132.0,1
1134.0,1
1136.0,3
1155.0,2
1161.0,2
1169.0,1
1171.0,2
1173.0,2
1174.0,3
1175.0,1
1181.0,1
1182.0,4
1184.0,2
1187.0,1
1194.0,1
1195.0,1
1196.0,2
1198.0,1
1206.0,2
1214.0,1
1231.0,2
1232.0,1
1233.0,1
1234.0,2
1236.0,2
1238.0,3
1239.0,1
1242.0,2
1243.0,3
1245.0,3
1247.0,1
1248.0,2
1250.0,2
1256.0,2
1257.0,2
1260.0,5
1261.0,2
1263.0,2
1270.0,1
1274.0,2
1287.0,1
1295.0,1
1297.0,1
1298.0,2
1299.0,1
1301.0,1
1305.0,1
1306.0,3
1307.0,1
1311.0,3
1312.0,3
1313.0,2
1321.0,1
1322.0,2
1323.0,1
1324.0,2
1325.0,1
1326.0,1
1327.0,2
1328.0,4
1330.0,2
1334.0,4
1339.0,2
1345.0,1
1346.0,4
1351.0,2
1353.0,1
1354.0,2
1355.0,3
1356.0,2
1358.0,2
1371.0,5
1372.0,1
1379.0,2
1383.0,3
1384.0,4
1392.0,2
1393.0,2
1395.0,4
1396.0,2
1398.0,2
1400.0,1
1402.0,3
1403.0,1
1405.0,4
1406.0,2
1407.0,2
1408.0,2
1409.0,2
1411.0,3
1413.0,6
1414.0,10
1415.0,1
1416.0,1
1433.0,2
1447.0,2
1467.0,4
1468.0,4
1469.0,2
1475.0,1
1479.0,2
1480.0,8
1481.0,4
1483.0,5
1486.0,2
1487.0,2
1488.0,2
1489.0,2
1490.0,4
1492.0,2
1493.0,2
1494.0,4
1499.0,2
1500.0,1
1503.0,3
1504.0,1
1508.0,3
1511.0,2
1527.0,4
1528.0,2
1529.0,4
1530.0,3
1532.0,4
1534.0,1
1536.0,1
1539.0,1
1547.0,1
1548.0,1
1550.0,3
1551.0,3
1552.0,5
1553.0,5
1554.0,2
1558.0,1
1561.0,1
1562.0,7
1564.0,6
1574.0,5
1575.0,2
1576.0,4
1599.0,2
1600.0,1
1616.0,2
1617.0,2
1618.0,3
1620.0,2
1622.0,2
1627.0,4
1628.0,3
1629.0,1
1631.0,3
1633.0,3
1634.0,2
1638.0,1
1641.0,1
1642.0,2
1648.0,4
1650.0,2
1654.0,2
1659.0,1
1660.0,1
1663.0,3
1664.0,3
1665.0,3
1667.0,2
1668.0,3
1669.0,3
1670.0,4
1671.0,2
1688.0,4
1690.0,7
1692.0,3
1693.0,5
1694.0,4
1701.0,2
1711.0,2
1712.0,2
1713.0,3
1715.0,5
1716.0,4
1717.0,2
1718.0,2
1720.0,3
1721.0,4
1724.0,2
1727.0,2
1730.0,3
1734.0,1
1735.0,4
1765.0,2
1766.0,4
1768.0,2
1770.0,2
1772.0,1
1774.0,4
1783.0,6
1785.0,3
1789.0,1
1790.0,2
1791.0,4
1792.0,2
1795.0,2
1797.0,6
1800.0,1
1801.0,3
1802.0,1
1814.0,2
1815.0,2
1816.0,6
1821.0,6
1822.0,1
1823.0,1
1830.0,2
1831.0,2
1834.0,3
1836.0,4
1837.0,2
1839.0,1
1840.0,1
1842.0,4
1843.0,1
1844.0,1
1845.0,4
1846.0,3
1851.0,5
1853.0,4
1854.0,4
1871.0,2
1872.0,3
1875.0,1
1878.0,3
1883.0,2
1919.0,1
1920.0,2
1921.0,3
1924.0,1
1925.0,1
1935.0,6
1939.0,1
1940.0,1
1948.0,2
1949.0,1
1952.0,4
1954.0,6
1959.0,2
1960.0,2
1961.0,6
1962.0,1
1963.0,1
1965.0,2
1966.0,2
1969.0,1
1970.0,1
1972.0,2
1973.0,8
1979.0,5
1980.0,3
1982.0,1
1983.0,2
1988.0,2
1990.0,4
1991.0,3
1992.0,2
1996.0,2
1997.0,1
1998.0,1
2002.0,1
2003.0,10
2004.0,5
2005.0,3
2007.0,3
2008.0,5
2009.0,3
2010.0,2
2011.0,2
2012.0,2
2013.0,7
2014.0,2
2035.0,2
2036.0,1
2038.0,2
2041.0,3
2042.0,1
2044.0,2
2045.0,3
2046.0,4
2049.0,2
2057.0,2
2058.0,1
2084.0,1
2086.0,4
2091.0,2
2093.0,1
2094.0,2
2095.0,2
2096.0,2
2106.0,2
2111.0,6
2112.0,1
2113.0,4
2114.0,3
2116.0,1
2117.0,2
2118.0,3
2119.0,1
2120.0,3
2121.0,2
2122.0,1
2123.0,2
2124.0,2
2125.0,3
2127.0,5
2128.0,3
2129.0,2
2133.0,1
2137.0,2
2140.0,3
2141.0,6
2148.0,4
2149.0,3
2151.0,3
2153.0,1
2154.0,1
2155.0,2
2156.0,2
2157.0,1
2159.0,3
2160.0,3
2163.0,5
2164.0,7
2165.0,1
2166.0,5
2167.0,2
2169.0,2
2170.0,2
2171.0,3
2172.0,3
2173.0,1
2174.0,4
2179.0,2
2180.0,2
2192.0,4
2193.0,3
2194.0,2
2195.0,1
2197.0,1
2198.0,1
2203.0,1
2207.0,2
2214.0,2
2216.0,2
2217.0,3
2218.0,4
2240.0,2
2241.0,4
2242.0,3
2244.0,1
2246.0,4
2249.0,4
2259.0,7
2260.0,2
2261.0,1
2262.0,1
2267.0,1
2269.0,1
2271.0,2
2273.0,1
2274.0,1
2275.0,3
2277.0,3
2278.0,1
2279.0,2
2282.0,9
2283.0,2
2284.0,3
2285.0,2
2286.0,5
2287.0,2
2290.0,2
2292.0,4
2295.0,1
2296.0,1
2297.0,3
2298.0,4
2302.0,1
2304.0,2
2305.0,1
2306.0,1
2312.0,2
2313.0,1
2314.0,1
2315.0,1
2316.0,1
2320.0,1
2321.0,5
2322.0,3
2323.0,4
2324.0,1
2325.0,2
2326.0,1
2327.0,1
2329.0,3
2331.0,5
2332.0,3
2333.0,5
2334.0,6
2338.0,3
2339.0,1
2340.0,1
2347.0,2
2349.0,2
2350.0,1
2367.0,4
2368.0,4
2369.0,2
2370.0,6
2371.0,5
2373.0,5
2375.0,3
2376.0,2
2378.0,3
2379.0,2
2380.0,3
2381.0,5
2382.0,1
2388.0,1
2391.0,3
2393.0,1
2394.0,4
2395.0,1
2396.0,2
2401.0,2
2402.0,1
2403.0,1
2408.0,8
2409.0,1
2411.0,2
2412.0,6
2414.0,4
2415.0,3
2416.0,2
2417.0,8
2418.0,6
2419.0,3
2420.0,5
2426.0,3
2432.0,3
2435.0,2
2441.0,1
2442.0,1
2446.0,8
2447.0,4
2451.0,3
2456.0,1
2457.0,3
2460.0,6
2461.0,7
2462.0,2
2463.0,9
2464.0,7
2465.0,7
2466.0,2
2467.0,1
2469.0,11
2470.0,8
2471.0,2
2475.0,3
2476.0,1
2480.0,2
2481.0,3
2482.0,5
2485.0,3
2486.0,2
2487.0,6
2488.0,2
2489.0,7
2491.0,6
2494.0,5
2506.0,9
2512.0,1
2514.0,2
2515.0,2
2516.0,1
2517.0,2
2518.0,2
2523.0,1
2524.0,1
2546.0,5
2555.0,1
2556.0,3
2557.0,3
2558.0,2
2559.0,4
2562.0,1
2564.0,1
2565.0,7
2566.0,1
2571.0,1
2572.0,2
2573.0,1
2574.0,2
2584.0,3
2585.0,2
2589.0,2
2592.0,2
2596.0,8
2599.0,3
2600.0,4
2601.0,4
2602.0,6
2604.0,4
2606.0,5
2616.0,3
2623.0,3
2624.0,6
2625.0,2
2626.0,2
2627.0,2
2629.0,1
2630.0,2
2631.0,5
2632.0,1
2635.0,3
2637.0,9
2638.0,13
2640.0,3
2641.0,1
2643.0,4
2647.0,5
2648.0,6
2649.0,5
2653.0,3
2654.0,7
2655.0,1
2656.0,1
2657.0,5
2658.0,2
2659.0,5
2660.0,5
2661.0,3
2663.0,5
2664.0,3
2665.0,4
2668.0,5
2669.0,1
2671.0,4
2674.0,1
2679.0,2
2680.0,3
2681.0,8
2682.0,1
2686.0,5
2706.0,3
2711.0,7
2712.0,4
2713.0,4
2715.0,4
2716.0,7
2717.0,4
2718.0,5
2737.0,2
2742.0,2
2744.0,2
2747.0,5
2753.0,4
2754.0,2
2755.0,2
2756.0,2
2757.0,4
2758.0,3
2762.0,7
2763.0,2
2764.0,1
2765.0,2
2766.0,2
2775.0,2
2776.0,3
2777.0,5
2778.0,1
2782.0,1
2783.0,3
2784.0,4
2786.0,7
2789.0,3
2792.0,1
2794.0,1
2795.0,3
2802.0,2
2807.0,2
2811.0,2
2812.0,2
2813.0,5
2814.0,2
2815.0,1
2816.0,7
2817.0,2
2818.0,7
2819.0,3
2820.0,3
2821.0,2
2822.0,1
2823.0,1
2824.0,2
2834.0,3
2836.0,5
2837.0,1
2839.0,6
2840.0,12
2841.0,2
2842.0,3
2843.0,2
2844.0,3
2845.0,2
2846.0,2
2847.0,5
2848.0,2
2850.0,2
2851.0,1
2854.0,1
2855.0,1
2857.0,3
2862.0,1
2867.0,6
2872.0,11
2873.0,3
2874.0,3
2875.0,2
2876.0,4
2877.0,2
2878.0,1
2896.0,4
2899.0,1
2900.0,1
2901.0,2
2902.0,6
2921.0,2
2927.0,2
2928.0,2
2929.0,3
2932.0,6
2933.0,6
2934.0,2
2943.0,1
2945.0,4
2947.0,1
2948.0,2
2949.0,2
2950.0,3
2951.0,4
2953.0,6
2954.0,3
2955.0,2
2956.0,5
2957.0,3
2958.0,3
2960.0,3
2961.0,8
2966.0,3
2968.0,3
2969.0,2
2970.0,1
2974.0,1
2978.0,1
2980.0,1
2982.0,4
2983.0,2
2984.0,6
2987.0,2
2988.0,6
2989.0,3
2991.0,3
2992.0,2
2993.0,3
2994.0,3
2995.0,3
2996.0,1
2998.0,6
3001.0,1
3002.0,1
3003.0,2
3004.0,1
3012.0,2
3013.0,2
3015.0,5
3016.0,10
3024.0,2
3025.0,6
3026.0,5
3032.0,2
3036.0,2
3037.0,2
3038.0,4
3044.0,1
3045.0,5
3046.0,7
3047.0,1
3048.0,7
3049.0,2
3050.0,6
3054.0,6
3055.0,7
3056.0,4
3057.0,5
3058.0,4
3063.0,3
3064.0,9
3067.0,3
3068.0,3
3069.0,1
3070.0,1
3085.0,2
3088.0,2
3091.0,2
3106.0,2
3136.0,5
3137.0,6
3138.0,4
3139.0,5
3140.0,10
3147.0,5
3149.0,2
3152.0,6
3153.0,2
3159.0,2
3160.0,6
3161.0,3
3162.0,6
3166.0,2
3167.0,1
3168.0,4
3169.0,2
3170.0,8
3171.0,6
3172.0,2
3173.0,2
3174.0,3
3183.0,2
3193.0,6
3194.0,5
3195.0,2
3196.0,2
3197.0,1
3198.0,2
3201.0,4
3202.0,6
3208.0,3
3211.0,4
3212.0,4
3213.0,6
3214.0,2
3216.0,2
3217.0,6
3218.0,3
3221.0,1
3222.0,5
3224.0,4
3227.0,1
3229.0,7
3230.0,3
3233.0,1
3234.0,2
3238.0,3
3242.0,2
3243.0,8
3247.0,4
3250.0,6
3252.0,4
3254.0,2
3269.0,2
3299.0,1
3322.0,1
3326.0,2
3327.0,4
3331.0,2
3332.0,7
3333.0,1
3334.0,2
3338.0,1
3344.0,3
3346.0,6
3348.0,5
3350.0,5
3351.0,5
3352.0,2
3353.0,4
3354.0,4
3355.0,2
3356.0,6
3357.0,7
3360.0,3
3365.0,4
3370.0,4
3376.0,1
3377.0,7
3379.0,2
3380.0,2
3381.0,3
3382.0,1
3385.0,9
3386.0,1
3389.0,3
3390.0,1
3391.0,2
3394.0,1
3396.0,4
3400.0,3
3401.0,3
3403.0,1
3407.0,3
3408.0,6
3409.0,2
3410.0,6
3411.0,1
3412.0,5
3413.0,3
3414.0,3
3423.0,7
3424.0,4
3425.0,3
3426.0,2
3427.0,12
3428.0,3
3429.0,5
3430.0,7
3433.0,2
3436.0,5
3437.0,2
3438.0,4
3439.0,9
3440.0,9
3442.0,6
3443.0,5
3444.0,1
3445.0,1
3447.0,4
3449.0,4
3450.0,7
3463.0,2
3464.0,2
3465.0,4
3466.0,9
3478.0,2
3482.0,2
3484.0,1
3485.0,1
3491.0,1
3498.0,2
3503.0,4
3506.0,1
3507.0,2
3508.0,3
3509.0,3
3510.0,2
3514.0,1
3515.0,3
3516.0,3
3520.0,2
3521.0,2
3522.0,3
3525.0,5
3536.0,1
3537.0,6
3540.0,4
3541.0,1
3544.0,2
3545.0,4
3546.0,4
3547.0,1
3548.0,8
3549.0,5
3550.0,2
3552.0,1
3553.0,4
3555.0,4
3556.0,2
3557.0,2
3558.0,6
3564.0,3
3567.0,2
3569.0,2
3570.0,5
3571.0,4
3572.0,7
3573.0,2
3574.0,4
3575.0,3
3576.0,5
3577.0,1
3579.0,4
3580.0,3
3581.0,2
3582.0,7
3583.0,7
3587.0,6
3588.0,4
3591.0,2
3592.0,3
3593.0,4
3594.0,3
3597.0,2
3599.0,11
3600.0,4
3601.0,3
3604.0,4
3605.0,2
3606.0,9
3607.0,7
3610.0,2
3612.0,4
3614.0,5
3615.0,1
3616.0,2
3617.0,4
3619.0,3
3620.0,1
3621.0,1
3622.0,6
3624.0,3
3626.0,1
3631.0,1
3632.0,3
3633.0,4
3634.0,5
3639.0,2
3640.0,3
3641.0,4
3642.0,1
3643.0,9
3644.0,3
3645.0,3
3651.0,1
3652.0,2
3653.0,2
3654.0,1
3655.0,2
3658.0,4
3665.0,2
3666.0,2
3667.0,4
3668.0,5
3669.0,11
3671.0,2
3675.0,3
3676.0,3
3680.0,1
3681.0,3
3682.0,1
3683.0,2
3684.0,1
3689.0,4
3696.0,1
3697.0,2
3698.0,1
3700.0,2
3701.0,5
3702.0,4
3708.0,3
3710.0,4
3711.0,6
3715.0,3
3719.0,1
3723.0,2
3725.0,2
3726.0,2
3728.0,2
3729.0,3
3730.0,4
3731.0,2
3732.0,4
3733.0,4
3734.0,2
3738.0,4
3739.0,6
3740.0,4
3741.0,3
3742.0,2
3743.0,4
3744.0,8
3745.0,2
3747.0,1
3748.0,4
3750.0,4
3751.0,2
3753.0,4
3756.0,2
3758.0,9
3759.0,3
3760.0,3
3761.0,2
3766.0,4
3767.0,4
3768.0,3
3769.0,5
3775.0,1
3776.0,2
3777.0,4
3778.0,2
3780.0,3
3782.0,1
3783.0,2
3788.0,3
3789.0,3
3795.0,3
3796.0,3
3797.0,1
3799.0,4
3800.0,4
3802.0,2
3803.0,1
3804.0,1
3805.0,4
3806.0,1
3807.0,5
3808.0,5
3809.0,6
3810.0,1
3811.0,2
3812.0,5
3813.0,2
3814.0,2
3817.0,3
3818.0,2
3819.0,1
3820.0,3
3821.0,3
3822.0,2
3824.0,2
3825.0,2
3826.0,2
3827.0,1
3828.0,5
3829.0,6
3835.0,2
3837.0,4
3842.0,2
3843.0,6
3844.0,5
3845.0,4
3847.0,2
3848.0,2
3851.0,2
3855.0,11
3856.0,6
3857.0,3
3858.0,4
3859.0,2
3860.0,3
3861.0,4
3862.0,3
3863.0,6
3865.0,1
3866.0,2
3868.0,5
3869.0,2
3871.0,1
3874.0,13
3875.0,2
3876.0,1
3877.0,5
3878.0,3
3879.0,6
3881.0,2
3883.0,2
3884.0,5
3885.0,5
3887.0,2
3888.0,3
3889.0,2
3890.0,4
3893.0,5
3894.0,3
3895.0,3
3897.0,6
3898.0,1
3900.0,6
3901.0,5
3905.0,2
3908.0,4
3909.0,2
3910.0,1
3911.0,2
3913.0,5
3914.0,3
3915.0,6
3916.0,4
3918.0,3
3924.0,2
3925.0,2
3926.0,1
3927.0,1
3934.0,5
3938.0,6
3939.0,4
3940.0,6
3942.0,2
3943.0,2
3944.0,1
3945.0,2
3950.0,2
3954.0,1
3955.0,4
3957.0,2
3958.0,9
3959.0,2
3960.0,6
3969.0,1
3970.0,3
3977.0,3
3978.0,4
3979.0,1
3980.0,2
3981.0,3
3982.0,9
3983.0,5
3984.0,3
3985.0,4
3986.0,3
3988.0,1
3989.0,4
3990.0,1
3992.0,1
3994.0,3
3999.0,1
4003.0,1
4004.0,1
4005.0,1
4006.0,4
4007.0,2
4008.0,3
4009.0,5
4010.0,2
4013.0,2
4014.0,1
4015.0,4
4016.0,2
4017.0,6
4019.0,1
4020.0,4
4021.0,2
4023.0,2
4024.0,3
4027.0,4
4028.0,1
4029.0,5
4031.0,4
4032.0,3
4034.0,7
4035.0,6
4036.0,3
4037.0,1
4038.0,3
4039.0,1
4040.0,10
4041.0,11
4042.0,3
4043.0,2
4044.0,5
4045.0,1
4046.0,2
4047.0,5
4048.0,2
4050.0,5
4051.0,7
4052.0,3
4053.0,2
4054.0,2
4055.0,4
4057.0,6
4058.0,4
4059.0,3
4060.0,2
4061.0,3
4062.0,1
4064.0,2
4065.0,4
4066.0,1
4067.0,2
4068.0,1
4069.0,1
4070.0,6
4071.0,2
4072.0,4
4073.0,4
4074.0,6
4075.0,4
4076.0,3
4077.0,2
4079.0,1
4080.0,7
4081.0,4
4083.0,3
4084.0,4
4086.0,9
4087.0,2
4089.0,6
4090.0,1
4091.0,1
4092.0,4
4094.0,3
4096.0,6
4097.0,12
4098.0,6
4099.0,4
4103.0,2
4104.0,1
4105.0,1
4106.0,1
4107.0,2
4108.0,4
4109.0,4
4110.0,6
4111.0,2
4115.0,1
4117.0,4
4118.0,4
4121.0,1
4122.0,1
4125.0,6
4127.0,2
4128.0,4
4129.0,2
4138.0,6
4143.0,1
4144.0,3
4147.0,7
4150.0,2
4163.0,4
4165.0,6
4166.0,1
4169.0,3
4170.0,1
4178.0,1
4179.0,8
4181.0,7
4183.0,5
4184.0,4
4185.0,1
4186.0,2
4187.0,4
4188.0,2
4189.0,8
4190.0,2
4191.0,1
4194.0,2
4195.0,3
4196.0,1
4197.0,3
4204.0,1
4207.0,2
4208.0,2
4209.0,6
4210.0,7
4212.0,2
4213.0,4
4214.0,2
4215.0,2
4216.0,4
4218.0,2
4219.0,4
4222.0,1
4223.0,3
4224.0,4
4225.0,2
4226.0,4
4228.0,5
4229.0,8
4230.0,1
4231.0,2
4232.0,2
4233.0,1
4234.0,2
4236.0,1
4238.0,4
4239.0,2
4240.0,5
4241.0,2
4242.0,3
4245.0,4
4246.0,7
4247.0,4
4248.0,3
4250.0,3
4253.0,6
4254.0,2
4255.0,2
4256.0,1
4257.0,5
4260.0,2
4262.0,3
4263.0,10
4264.0,4
4265.0,2
4266.0,3
4268.0,4
4273.0,1
4274.0,1
4282.0,6
4284.0,1
4285.0,3
4286.0,3
4290.0,6
4291.0,4
4299.0,2
4303.0,7
4304.0,2
4307.0,4
4308.0,5
4325.0,2
4327.0,6
4328.0,2
4333.0,4
4334.0,4
4335.0,4
4336.0,3
4337.0,1
4338.0,4
4339.0,2
4340.0,2
4341.0,2
4342.0,2
4347.0,4
4348.0,2
4349.0,1
4350.0,3
4351.0,5
4352.0,3
4353.0,5
4354.0,3
4356.0,3
4357.0,3
4358.0,3
4359.0,2
4360.0,2
4364.0,1
4365.0,3
4368.0,6
4370.0,4
4372.0,2
4375.0,3
4377.0,1
4378.0,4
4380.0,3
4381.0,1
4383.0,4
4384.0,4
4385.0,8
4387.0,2
4388.0,4
4389.0,4
4391.0,3
4392.0,2
4393.0,6
4394.0,2
4396.0,3
4397.0,3
4398.0,2
4399.0,2
4400.0,2
4401.0,10
4403.0,3
4404.0,8
4406.0,2
4407.0,4
4409.0,2
4410.0,5
4411.0,4
4412.0,2
4413.0,2
4415.0,2
4417.0,2
4419.0,4
4420.0,2
4422.0,3
4425.0,2
4426.0,6
4427.0,2
4429.0,2
4431.0,3
4432.0,1
4436.0,1
4437.0,1
4438.0,3
4440.0,4
4441.0,4
4446.0,1
4448.0,1
4451.0,3
4452.0,3
4455.0,6
4456.0,6
4461.0,2
4462.0,2
4463.0,5
4464.0,1
4465.0,5
4466.0,4
4468.0,1
4469.0,4
4470.0,7
4471.0,2
4472.0,2
4474.0,3
4475.0,2
4476.0,1
4477.0,4
4489.0,2
4491.0,2
4495.0,2
4496.0,3
4500.0,4
4502.0,2
4504.0,1
4506.0,2
4510.0,2
4513.0,1
4514.0,1
4515.0,4
4517.0,3
4518.0,7
4531.0,3
4533.0,2
4534.0,1
4535.0,2
4536.0,3
4538.0,3
4539.0,3
4540.0,5
4541.0,6
4546.0,4
4547.0,2
4549.0,6
4551.0,1
4552.0,1
4553.0,2
4554.0,2
4555.0,1
4556.0,3
4557.0,4
4558.0,2
4567.0,5
4568.0,5
4569.0,6
4570.0,2
4572.0,3
4573.0,2
4574.0,3
4575.0,3
4576.0,3
4577.0,6
4578.0,1
4582.0,4
4583.0,3
4588.0,5
4589.0,2
4590.0,9
4593.0,4
4596.0,6
4598.0,6
4599.0,1
4601.0,2
4604.0,5
4605.0,7
4607.0,2
4609.0,2
4610.0,1
4611.0,2
4612.0,4
4613.0,8
4614.0,5
4616.0,1
4617.0,1
4618.0,8
4619.0,3
4620.0,3
4621.0,1
4622.0,3
4623.0,4
4624.0,2
4628.0,4
4629.0,1
4630.0,2
4631.0,5
4632.0,3
4633.0,2
4634.0,1
4636.0,11
4639.0,4
4640.0,3
4641.0,2
4646.0,4
4647.0,5
4648.0,5
4649.0,3
4652.0,4
4654.0,2
4656.0,4
4658.0,2
4660.0,2
4661.0,2
4664.0,1
4667.0,2
4672.0,5
4673.0,3
4675.0,3
4676.0,4
4683.0,2
4689.0,6
4690.0,3
4691.0,1
4692.0,3
4694.0,3
4695.0,6
4696.0,4
4698.0,2
4699.0,3
4700.0,9
4701.0,1
4702.0,3
4703.0,3
4704.0,1
4705.0,7
4706.0,5
4707.0,3
4708.0,2
4710.0,1
4711.0,4
4712.0,2
4716.0,3
4717.0,1
4718.0,4
4719.0,4
4720.0,3
4721.0,2
4723.0,4
4726.0,5
4729.0,2
4730.0,3
4735.0,3
4736.0,2
4737.0,3
4739.0,2
4741.0,8
4742.0,1
4744.0,1
4751.0,3
4752.0,7
4754.0,5
4755.0,4
4756.0,2
4758.0,1
4759.0,5
4760.0,2
4761.0,5
4762.0,5
4765.0,4
4766.0,1
4767.0,6
4768.0,2
4769.0,8
4770.0,6
4771.0,4
4774.0,6
4776.0,10
4777.0,2
4778.0,2
4779.0,2
4780.0,5
4781.0,2
4782.0,2
4783.0,2
4784.0,2
4785.0,4
4787.0,2
4788.0,2
4789.0,4
4790.0,5
4791.0,1
4793.0,1
4794.0,2
4796.0,3
4797.0,1
4803.0,2
4804.0,2
4805.0,6
4806.0,2
4815.0,4
4816.0,5
4817.0,2
4818.0,3
4819.0,1
4821.0,1
4822.0,2
4823.0,2
4825.0,1
4826.0,2
4827.0,1
4828.0,5
4829.0,5
4830.0,2
4832.0,3
4833.0,2
4834.0,8
4836.0,3
4837.0,1
4838.0,4
4839.0,2
4840.0,4
4841.0,3
4842.0,8
4844.0,1
4845.0,2
4846.0,3
4847.0,3
4848.0,6
4849.0,1
4851.0,1
4852.0,6
4854.0,4
4855.0,2
4856.0,2
4858.0,2
4859.0,1
4862.0,3
4863.0,4
4864.0,1
4870.0,2
4880.0,6
4882.0,1
4883.0,8
4884.0,3
4886.0,9
4887.0,5
4891.0,1
4892.0,4
4893.0,1
4894.0,2
4895.0,2
4896.0,5
4897.0,2
4898.0,7
4900.0,2
4901.0,3
4902.0,1
4905.0,6
4906.0,2
4907.0,1
4908.0,2
4909.0,3
4910.0,2
4912.0,1
4913.0,1
4914.0,2
4917.0,2
4920.0,6
4921.0,3
4922.0,2
4923.0,2
4924.0,4
4925.0,5
4927.0,1
4931.0,1
4943.0,2
4944.0,1
4946.0,3
4947.0,4
4949.0,5
4951.0,2
4955.0,1
4956.0,4
4957.0,3
4958.0,1
4959.0,4
4961.0,4
4962.0,4
4963.0,2
4964.0,2
4965.0,2
4967.0,2
4968.0,3
4969.0,3
4971.0,5
4972.0,4
4973.0,3
4974.0,1
4978.0,4
4982.0,2
4985.0,2
4986.0,2
4987.0,5
4988.0,1
4989.0,1
4990.0,2
4992.0,2
4993.0,3
4995.0,1
4996.0,1
4997.0,3
5007.0,4
5009.0,5
5010.0,2
5011.0,1
5012.0,1
5014.0,2
5015.0,3
5020.0,4
5021.0,4
5022.0,2
5023.0,2
5026.0,3
5027.0,1
5028.0,3
5031.0,12
5035.0,2
5036.0,2
5037.0,3
5038.0,1
5044.0,2
5050.0,5
5052.0,1
5053.0,1
5055.0,3
5056.0,3
5057.0,7
5058.0,3
5067.0,3
5068.0,1
5071.0,4
5072.0,4
5073.0,2
5074.0,3
5075.0,3
5076.0,1
5077.0,2
5078.0,2
5082.0,1
5083.0,3
5084.0,2
5085.0,2
5086.0,1
5089.0,3
5095.0,2
5096.0,4
5102.0,2
5103.0,2
5104.0,3
5105.0,6
5106.0,2
5107.0,1
5109.0,6
5111.0,4
5112.0,4
5116.0,2
5117.0,2
5120.0,2
5123.0,2
5127.0,3
5128.0,2
5134.0,2
5135.0,5
5136.0,2
5138.0,1
5140.0,2
5141.0,4
5144.0,4
5145.0,2
5146.0,4
5147.0,1
5148.0,2
5150.0,2
5151.0,3
5152.0,2
5153.0,1
5154.0,2
5156.0,3
5157.0,3
5158.0,4
5160.0,2
5162.0,4
5164.0,6
5165.0,1
5168.0,4
5169.0,8
5171.0,1
5178.0,7
5179.0,4
5183.0,5
5185.0,1
5187.0,1
5188.0,12
5189.0,1
5190.0,6
5194.0,2
5197.0,6
5204.0,2
5207.0,1
5210.0,1
5215.0,1
5216.0,1
5218.0,2
5233.0,1
5234.0,6
5235.0,2
5238.0,1
5244.0,1
5245.0,2
5247.0,4
5251.0,2
5253.0,1
5254.0,5
5257.0,1
5258.0,2
5263.0,5
5264.0,1
5265.0,2
5267.0,2
5268.0,2
5269.0,7
5270.0,6
5271.0,1
5272.0,3
5273.0,2
5274.0,2
5275.0,1
5277.0,2
5278.0,7
5279.0,3
5280.0,3
5281.0,2
5282.0,2
5283.0,3
5284.0,1
5285.0,2
5286.0,1
5287.0,2
5291.0,2
5292.0,2
5293.0,1
5294.0,1
5297.0,8
5303.0,2
5305.0,3
5310.0,4
5313.0,4
5314.0,3
5316.0,2
5317.0,1
5320.0,3
5324.0,3
5325.0,3
5326.0,1
5328.0,2
5331.0,2
5334.0,7
5336.0,2
5337.0,2
5343.0,2
5354.0,1
5355.0,5
5360.0,3
5361.0,3
5363.0,2
5364.0,3
5365.0,2
5366.0,3
5368.0,6
5371.0,2
5373.0,4
5374.0,4
5377.0,2
5378.0,2
5384.0,4
5385.0,2
5386.0,1
5390.0,4
5391.0,4
5392.0,4
5393.0,4
5394.0,5
5397.0,3
5400.0,6
5402.0,2
5403.0,2
5404.0,1
5406.0,3
5407.0,2
5408.0,4
5409.0,2
5410.0,6
5411.0,4
5412.0,2
5413.0,4
5414.0,6
5415.0,2
5416.0,2
5417.0,2
5420.0,1
5421.0,1
5422.0,2
5423.0,4
5424.0,3
5425.0,4
5426.0,4
5430.0,2
5433.0,5
5434.0,8
5435.0,5
5436.0,3
5437.0,2
5442.0,6
5443.0,1
5444.0,2
5447.0,4
5448.0,4
5450.0,6
5452.0,1
5453.0,7
5454.0,1
5455.0,10
5456.0,8
5461.0,5
5462.0,1
5464.0,3
5465.0,2
5466.0,3
5471.0,3
5474.0,6
5475.0,1
5476.0,2
5477.0,14
5478.0,6
5479.0,2
5480.0,5
5481.0,2
5482.0,3
5483.0,2
5484.0,6
5486.0,2
5488.0,2
5490.0,2
5492.0,6
5493.0,5
5494.0,3
5495.0,4
5496.0,1
5497.0,2
5498.0,1
5502.0,5
5503.0,2
5504.0,6
5505.0,2
5506.0,2
5507.0,5
5509.0,2
5510.0,1
5511.0,5
5512.0,4
5516.0,2
5517.0,4
5518.0,2
5519.0,2
5520.0,3
5521.0,3
5523.0,3
5529.0,1
5530.0,1
5531.0,3
5532.0,1
5533.0,1
5534.0,1
5536.0,3
5537.0,8
5538.0,3
5542.0,1
5548.0,4
5551.0,5
5552.0,2
5554.0,2
5556.0,2
5558.0,4
5560.0,1
5561.0,2
5564.0,3
5567.0,3
5571.0,4
5572.0,5
5573.0,2
5576.0,4
5577.0,2
5578.0,3
5580.0,3
5582.0,2
5583.0,1
5584.0,3
5585.0,3
5589.0,1
5590.0,4
5591.0,1
5592.0,4
5594.0,1
5595.0,3
5596.0,2
5597.0,2
5598.0,1
5599.0,2
5600.0,2
5602.0,3
5605.0,3
5611.0,5
5619.0,4
5620.0,4
5621.0,1
5622.0,2
5623.0,7
5624.0,2
5625.0,1
5626.0,2
5627.0,2
5629.0,1
5630.0,1
5631.0,2
5634.0,2
5637.0,4
5638.0,4
5639.0,2
5640.0,3
5641.0,5
5643.0,6
5652.0,2
5655.0,4
5656.0,3
5657.0,2
5659.0,3
5661.0,6
5662.0,3
5665.0,5
5666.0,1
5667.0,2
5668.0,2
5669.0,2
5671.0,4
5675.0,1
5676.0,1
5677.0,2
5678.0,4
5679.0,5
5680.0,2
5681.0,5
5682.0,3
5683.0,4
5684.0,3
5685.0,5
5686.0,6
5688.0,6
5690.0,2
5691.0,4
5697.0,4
5698.0,7
5699.0,2
5700.0,2
5701.0,3
5704.0,7
5705.0,5
5706.0,2
5707.0,2
5708.0,4
5709.0,5
5711.0,4
5712.0,4
5714.0,3
5716.0,5
5717.0,6
5718.0,6
5722.0,2
5723.0,3
5731.0,2
5732.0,4
5733.0,3
5734.0,1
5735.0,5
5736.0,2
5737.0,5
5738.0,4
5740.0,2
5741.0,7
5742.0,3
5743.0,1
5748.0,2
5754.0,2
5760.0,1
5761.0,2
5762.0,2
5763.0,2
5764.0,2
5769.0,1
5770.0,4
5771.0,2
5775.0,3
5777.0,1
5778.0,4
5779.0,3
5783.0,6
5784.0,2
5785.0,4
5786.0,2
5787.0,2
5788.0,1
5789.0,2
5790.0,4
5796.0,1
5801.0,2
5802.0,4
5809.0,1
5810.0,2
5812.0,1
5813.0,3
5814.0,3
5819.0,3
5822.0,1
5823.0,2
5824.0,2
5827.0,2
5833.0,2
5834.0,2
5836.0,3
5841.0,2
5843.0,3
5844.0,2
5848.0,2
5851.0,2
5852.0,6
5853.0,4
5856.0,2
5857.0,1
5858.0,2
5860.0,1
5864.0,2
5865.0,2
5867.0,4
5868.0,2
5869.0,3
5870.0,4
5871.0,3
5878.0,4
5880.0,3
5881.0,2
5882.0,2
5883.0,2
5888.0,2
5889.0,2
5890.0,2
5897.0,1
5898.0,2
5902.0,4
5911.0,2
5912.0,8
5913.0,8
5918.0,1
5920.0,2
5929.0,1
5930.0,3
5934.0,2
5936.0,2
5937.0,4
5938.0,3
5940.0,5
5941.0,4
5942.0,1
5947.0,3
5948.0,8
5949.0,2
5959.0,6
5960.0,6
5961.0,4
5962.0,2
5965.0,2
5967.0,3
5969.0,2
5970.0,4
5971.0,6
5972.0,2
5973.0,1
5974.0,2
5979.0,1
5983.0,5
5984.0,4
5985.0,6
5986.0,5
5989.0,1
5990.0,3
5991.0,4
5995.0,4
5997.0,5
5999.0,2
6000.0,1
6001.0,1
6002.0,4
6003.0,4
6005.0,1
6007.0,2
6011.0,2
6012.0,2
6015.0,1
6016.0,5
6017.0,2
6018.0,2
6019.0,1
6020.0,4
6021.0,2
6039.0,3
6041.0,1
6042.0,1
6043.0,2
6046.0,5
6048.0,1
6050.0,1
6055.0,1
6056.0,1
6057.0,3
6058.0,2
6059.0,2
6060.0,4
6062.0,2
6068.0,8
6069.0,5
6071.0,1
6072.0,2
6079.0,2
6086.0,2
6087.0,3
6088.0,4
6089.0,2
6090.0,1
6094.0,3
6100.0,2
6101.0,2
6105.0,4
6113.0,2
6114.0,1
6120.0,3
6121.0,6
6122.0,4
6123.0,3
6124.0,3
6125.0,2
6126.0,2
6146.0,1
6151.0,2
6152.0,2
6153.0,2
6154.0,6
6157.0,1
6179.0,2
6185.0,1
6186.0,1
6191.0,3
6193.0,2
6205.0,3
6215.0,1
6216.0,4
6223.0,1
6224.0,4
6228.0,1
6230.0,1
6240.0,3
6276.0,2
6298.0,6
6299.0,2
6441.0,2
6446.0,5
6448.0,1
6449.0,1
6450.0,2
6451.0,1
6452.0,2
6453.0,4
6459.0,2
6460.0,3
6464.0,1
6465.0,1
6466.0,2
6474.0,2
6483.0,2
6489.0,4
6493.0,4
6498.0,2
6499.0,2
6503.0,1
6504.0,3
6505.0,1
6506.0,2
6508.0,2
6509.0,4
6512.0,1
6514.0,2
6517.0,2
6520.0,1
6521.0,4
6526.0,6
6527.0,1
6528.0,1
6530.0,4
6531.0,3
6532.0,4
6533.0,6
6536.0,2
6537.0,2
6539.0,5
6540.0,4
6541.0,6
6545.0,4
6546.0,2
6547.0,1
6548.0,1
6549.0,1
6550.0,1
6551.0,1
6552.0,7
6553.0,2
6554.0,2
6555.0,2
6557.0,3
6560.0,5
6561.0,3
6562.0,4
6564.0,1
6565.0,1
6570.0,1
6574.0,3
6575.0,2
6576.0,1
6577.0,6
6579.0,2
6580.0,1
6581.0,7
6582.0,2
6583.0,2
6584.0,2
6585.0,3
6586.0,1
6587.0,7
6588.0,2
6600.0,3
6622.0,1
6630.0,2
6631.0,3
6632.0,6
6646.0,4
6652.0,5
6654.0,3
6655.0,1
6656.0,3
6657.0,3
6660.0,4
6662.0,1
6666.0,2
6667.0,2
6669.0,1
6670.0,3
6671.0,1
6673.0,4
6674.0,4
6677.0,1
6678.0,2
6679.0,1
6680.0,1
6681.0,3
6682.0,1
6683.0,1
6684.0,1
6685.0,1
6686.0,4
6687.0,5
6688.0,4
6689.0,6
6691.0,2
6692.0,5
6693.0,3
6695.0,2
6696.0,3
6697.0,1
6699.0,2
6700.0,8
6702.0,1
6705.0,2
6706.0,6
6708.0,3
6712.0,1
6714.0,1
6715.0,1
6716.0,4
6734.0,2
6735.0,6
6736.0,1
6737.0,3
6738.0,3
6739.0,3
6741.0,6
6753.0,3
6758.0,1
6762.0,2
6763.0,2
6764.0,4
6765.0,1
6780.0,3
6782.0,2
6783.0,2
6784.0,1
6786.0,2
6788.0,2
6789.0,2
6790.0,2
6791.0,9
6792.0,2
6793.0,1
6795.0,2
6796.0,2
6797.0,2
6804.0,1
6806.0,4
6808.0,4
6809.0,3
6814.0,8
6818.0,2
6819.0,2
6821.0,5
6823.0,4
6824.0,5
6825.0,2
6828.0,10
6830.0,4
6831.0,2
6832.0,2
6833.0,3
6836.0,3
6838.0,5
6839.0,4
6840.0,5
6841.0,4
6842.0,2
6843.0,3
6844.0,5
6845.0,4
6850.0,9
6851.0,2
6856.0,1
6862.0,4
6863.0,8
6864.0,4
6865.0,2
6866.0,2
6867.0,2
6868.0,4
6869.0,6
6870.0,2
6871.0,4
6873.0,2
6874.0,1
6875.0,3
6877.0,3
6878.0,3
6906.0,1
6912.0,6
6913.0,8
6918.0,3
6919.0,2
6920.0,5
6923.0,2
6927.0,1
6928.0,4
6929.0,1
6930.0,2
6931.0,4
6932.0,4
6938.0,1
6946.0,3
6947.0,3
6950.0,1
6955.0,4
6957.0,2
6958.0,2
6959.0,4
6960.0,5
6961.0,1
6963.0,2
6966.0,1
6967.0,6
6976.0,6
6977.0,4
6979.0,4
6980.0,4
6986.0,10
6987.0,3
6988.0,6
6989.0,1
6990.0,13
6991.0,4
6994.0,2
6995.0,2
6996.0,5
6997.0,3
6998.0,7
6999.0,2
7000.0,4
7001.0,6
7003.0,2
7004.0,4
7006.0,2
7013.0,2
7022.0,3
7027.0,4
7028.0,2
7029.0,4
7039.0,5
7041.0,4
7044.0,3
7045.0,3
7050.0,2
7062.0,6
7065.0,1
7066.0,2
7068.0,4
7069.0,2
7071.0,1
7072.0,2
7073.0,1
7079.0,1
7082.0,2
7083.0,2
7084.0,2
7090.0,3
7094.0,3
7095.0,3
7097.0,2
7100.0,4
7102.0,2
7103.0,3
7106.0,3
7107.0,1
7108.0,1
7109.0,1
7110.0,4
7111.0,4
7112.0,3
7113.0,6
7115.0,2
7116.0,7
7117.0,2
7118.0,1
7119.0,1
7120.0,2
7124.0,3
7126.0,5
7128.0,1
7129.0,4
7130.0,2
7131.0,2
7133.0,1
7138.0,2
7139.0,2
7140.0,1
7144.0,2
7150.0,4
7152.0,1
7153.0,1
7158.0,2
7159.0,4
7161.0,4
7162.0,5
7163.0,2
7164.0,2
7165.0,3
7166.0,2
7169.0,7
7170.0,3
7171.0,6
7172.0,2
7173.0,4
7174.0,1
7175.0,5
7176.0,4
7177.0,3
7178.0,2
7180.0,2
7184.0,5
7185.0,1
7198.0,7
7199.0,2
7201.0,2
7209.0,1
7214.0,1
7215.0,1
7216.0,1
7217.0,3
7219.0,4
7221.0,4
7227.0,3
7228.0,1
7229.0,3
7230.0,4
7231.0,2
7232.0,2
7233.0,6
7239.0,4
7240.0,1
7241.0,10
7242.0,2
7243.0,2
7244.0,2
7246.0,3
7248.0,1
7249.0,2
7250.0,2
7254.0,5
7255.0,1
7256.0,2
7257.0,3
7262.0,2
7263.0,2
7268.0,1
7269.0,1
7270.0,1
7271.0,4
7272.0,3
7273.0,4
7274.0,2
7275.0,3
7276.0,3
7277.0,2
7278.0,7
7279.0,4
7283.0,4
7284.0,3
7285.0,2
7289.0,2
7291.0,9
7298.0,5
7299.0,1
7302.0,4
7303.0,2
7304.0,2
7310.0,2
7314.0,4
7315.0,4
7321.0,1
7323.0,2
7328.0,1
7331.0,2
7332.0,2
7333.0,5
7339.0,6
7340.0,1
7343.0,2
7344.0,5
7350.0,3
7351.0,2
7353.0,1
7354.0,2
7355.0,2
7356.0,4
7361.0,1
7362.0,2
7363.0,2
7364.0,4
7365.0,2
7366.0,4
7370.0,4
7371.0,2
7372.0,5
7373.0,2
7374.0,1
7376.0,1
7378.0,8
7379.0,2
7381.0,2
7382.0,2
7383.0,2
7384.0,3
7385.0,2
7390.0,5
7391.0,10
7393.0,4
7394.0,1
7395.0,6
7396.0,5
7398.0,5
7399.0,4
7400.0,1
7401.0,2
7402.0,1
7406.0,3
7407.0,3
7411.0,4
7412.0,4
7413.0,2
7414.0,1
7417.0,8
7425.0,1
7426.0,4
7431.0,2
7432.0,2
7434.0,1
7437.0,2
7438.0,2
7439.0,1
7442.0,1
7449.0,4
7450.0,7
7453.0,2
7454.0,2
7459.0,6
7460.0,2
7461.0,4
7465.0,2
7466.0,5
7467.0,1
7468.0,3
7469.0,1
7471.0,4
7472.0,1
7473.0,2
7484.0,1
7490.0,5
7492.0,2
7494.0,1
7495.0,2
7499.0,5
7500.0,3
7504.0,1
7506.0,3
7507.0,4
7510.0,3
7511.0,5
7512.0,6
7519.0,1
7520.0,1
7522.0,1
7527.0,5
7528.0,12
7529.0,2
7530.0,2
7532.0,9
7533.0,3
7534.0,2
7535.0,2
7536.0,2
7537.0,2
7538.0,2
7539.0,1
7542.0,2
7543.0,1
7545.0,1
7547.0,1
7548.0,4
7549.0,2
7551.0,3
7552.0,1
7553.0,1
7554.0,2
7556.0,7
7562.0,5
7563.0,4
7564.0,3
7569.0,1
7570.0,8
7571.0,2
7572.0,2
7574.0,8
7575.0,2
7578.0,1
7579.0,2
7580.0,18
7581.0,4
7583.0,1
7587.0,4
7588.0,6
7591.0,5
7592.0,2
7596.0,6
7597.0,4
7602.0,2
7605.0,1
7617.0,2
7619.0,1
7623.0,2
7625.0,1
7626.0,6
7628.0,4
7630.0,2
7631.0,2
7632.0,6
7634.0,1
7635.0,2
7638.0,4
7639.0,3
7640.0,3
7641.0,1
7642.0,2
7646.0,1
7647.0,6
7651.0,4
7652.0,1
7653.0,3
7656.0,6
7657.0,3
7658.0,2
7662.0,2
7666.0,2
7667.0,3
7668.0,4
7672.0,5
7673.0,1
7674.0,6
7676.0,4
7680.0,4
7681.0,5
7682.0,2
7683.0,2
7686.0,2
7687.0,7
7688.0,2
7689.0,6
7690.0,3
7693.0,2
7694.0,2
7696.0,5
7697.0,2
7698.0,4
7699.0,5
7700.0,1
7701.0,5
7705.0,4
7706.0,4
7718.0,2
7720.0,4
7726.0,6
7727.0,3
7728.0,4
7729.0,1
7731.0,1
7733.0,5
7734.0,2
7735.0,7
7737.0,1
7738.0,8
7739.0,2
7740.0,3
7741.0,1
7742.0,1
7745.0,2
7746.0,4
7747.0,1
7748.0,4
7754.0,2
7755.0,2
7756.0,1
7758.0,2
7759.0,4
7760.0,4
7764.0,1
7765.0,5
7767.0,2
7769.0,2
7771.0,1
7772.0,2
7774.0,6
7777.0,4
7778.0,2
7780.0,1
7781.0,2
7783.0,9
7784.0,2
7785.0,2
7786.0,2
7787.0,5
7788.0,2
7789.0,2
7791.0,2
7795.0,2
7798.0,3
7799.0,3
7800.0,3
7801.0,1
7804.0,2
7805.0,2
7806.0,4
7810.0,3
7811.0,6
7812.0,3
7813.0,8
7814.0,5
7815.0,2
7819.0,4
7820.0,1
7825.0,1
7828.0,1
7830.0,4
7832.0,7
7833.0,4
7834.0,3
7835.0,1
7836.0,1
7837.0,1
7839.0,2
7842.0,1
7843.0,3
7844.0,1
7854.0,2
7855.0,2
7856.0,4
7859.0,2
7862.0,3
7863.0,1
7864.0,4
7865.0,4
7867.0,2
7868.0,4
7869.0,2
7872.0,4
7873.0,5
7874.0,4
7876.0,6
7877.0,3
7880.0,4
7882.0,2
7883.0,2
7888.0,2
7889.0,2
7895.0,3
7897.0,8
7898.0,2
7900.0,1
7901.0,2
7902.0,2
7903.0,4
7910.0,4
7911.0,3
7912.0,2
7913.0,6
7914.0,1
7916.0,1
7917.0,2
7918.0,1
7920.0,5
7921.0,1
7923.0,2
7924.0,2
7925.0,2
7926.0,1
7927.0,1
7930.0,2
7931.0,2
7932.0,4
7934.0,3
7935.0,8
7936.0,4
7938.0,3
7939.0,1
7942.0,5
7943.0,6
7944.0,6
7949.0,4
7951.0,3
7953.0,2
7955.0,2
7959.0,2
7961.0,2
7962.0,4
7963.0,1
7964.0,2
7967.0,4
7969.0,1
7970.0,4
7971.0,2
7972.0,6
7973.0,4
7974.0,3
7979.0,4
7984.0,10
7985.0,3
7986.0,2
7990.0,2
7991.0,7
7992.0,3
7994.0,11
7995.0,2
7997.0,10
7999.0,1
8000.0,1
8002.0,2
8004.0,4
8005.0,3
8006.0,2
8009.0,3
8012.0,6
8013.0,4
8024.0,2
8030.0,2
8031.0,4
8032.0,1
8033.0,1
8034.0,2
8035.0,2
8042.0,2
8043.0,1
8044.0,1
8046.0,3
8049.0,4
8050.0,3
8051.0,1
8053.0,1
8054.0,1
8057.0,1
8058.0,2
8059.0,3
8060.0,1
8061.0,3
8063.0,1
8064.0,1
8065.0,2
8066.0,2
8067.0,2
8068.0,1
8069.0,1
8070.0,2
8071.0,3
8072.0,1
8073.0,3
8074.0,1
8075.0,2
8077.0,3
8079.0,2
8080.0,2
8081.0,6
8087.0,1
8088.0,2
8090.0,2
8092.0,2
8094.0,5
8095.0,1
8096.0,4
8097.0,6
8098.0,2
8099.0,6
8100.0,9
8101.0,6
8103.0,1
8104.0,5
8107.0,6
8109.0,3
8110.0,4
8113.0,1
8114.0,2
8115.0,2
8116.0,3
8117.0,2
8118.0,5
8119.0,8
8120.0,4
8121.0,2
8122.0,5
8123.0,4
8125.0,6
8137.0,3
8143.0,2
8146.0,6
8148.0,5
8149.0,5
8155.0,1
8160.0,3
8162.0,3
8163.0,5
8164.0,1
8165.0,4
8168.0,1
8169.0,1
8171.0,2
8173.0,4
8182.0,2
8183.0,2
8184.0,4
8186.0,3
8187.0,1
8190.0,2
8191.0,12
8192.0,6
8193.0,1
8196.0,3
8198.0,3
8199.0,3
8200.0,2
8201.0,1
8202.0,3
8203.0,3
8204.0,1
8205.0,3
8206.0,2
8209.0,2
8211.0,4
8215.0,3
8216.0,2
8222.0,5
8223.0,3
8224.0,1
8225.0,1
8227.0,4
8228.0,4
8229.0,5
8230.0,8
8231.0,4
8232.0,4
8235.0,6
8236.0,5
8237.0,1
8238.0,2
8239.0,1
8240.0,1
8241.0,1
8242.0,6
8243.0,5
8244.0,7
8245.0,1
8247.0,1
8248.0,2
8249.0,2
8258.0,6
8259.0,1
8260.0,5
8261.0,3
8270.0,10
8271.0,1
8272.0,5
8273.0,5
8274.0,3
8277.0,4
8280.0,6
8281.0,2
8282.0,2
8283.0,5
8284.0,3
8285.0,4
8288.0,2
8289.0,1
8295.0,4
8298.0,2
8299.0,2
8300.0,2
8308.0,3
8318.0,1
8319.0,2
8322.0,2
8324.0,4
8325.0,1
8326.0,1
8329.0,7
8334.0,3
8335.0,1
8336.0,1
8338.0,1
8339.0,5
8342.0,2
8343.0,1
8344.0,2
8345.0,2
8346.0,2
8348.0,1
8349.0,3
8350.0,2
8351.0,2
8352.0,2
8353.0,2
8355.0,2
8357.0,1
8358.0,1
8359.0,7
8361.0,1
8362.0,3
8363.0,2
8364.0,3
8366.0,2
8370.0,2
8375.0,6
8376.0,6
8377.0,4
8382.0,2
8384.0,2
8385.0,3
8386.0,4
8389.0,4
8391.0,5
8393.0,6
8396.0,4
8398.0,2
8399.0,4
8400.0,3
8402.0,1
8404.0,4
8405.0,2
8408.0,11
8409.0,6
8410.0,7
8411.0,4
8412.0,9
8413.0,4
8414.0,6
8415.0,7
8416.0,3
8418.0,7
8420.0,2
8421.0,11
8430.0,1
8431.0,4
8434.0,1
8435.0,4
8436.0,2
8438.0,2
8439.0,2
8440.0,2
8441.0,2
8443.0,6
8445.0,5
8446.0,2
8450.0,3
8451.0,1
8452.0,7
8453.0,2
8454.0,2
8456.0,2
8460.0,2
8470.0,4
8476.0,5
8478.0,2
8479.0,4
8481.0,2
8485.0,2
8490.0,1
8491.0,1
8496.0,2
8497.0,2
8498.0,2
8499.0,5
8502.0,4
8506.0,3
8507.0,1
8508.0,6
8509.0,6
8512.0,2
8515.0,2
8516.0,4
8517.0,3
8518.0,4
8519.0,4
8521.0,2
8522.0,2
8523.0,9
8524.0,4
8525.0,1
8526.0,6
8527.0,2
8528.0,4
8532.0,1
8533.0,2
8534.0,1
8537.0,5
8540.0,3
8541.0,4
8543.0,2
8544.0,2
8546.0,1
8549.0,1
8550.0,1
8551.0,5
8552.0,9
8553.0,6
8554.0,1
8555.0,3
8556.0,2
8557.0,3
8558.0,3
8561.0,4
8562.0,3
8564.0,2
8565.0,4
8568.0,3
8569.0,6
8573.0,4
8589.0,2
8590.0,5
8593.0,9
8594.0,1
8596.0,4
8597.0,7
8602.0,1
8606.0,4
8612.0,6
8613.0,2
8614.0,5
8615.0,7
8616.0,4
8617.0,2
8619.0,2
8633.0,1
8639.0,1
8640.0,6
8641.0,4
8646.0,5
8648.0,3
8649.0,4
8650.0,9
8651.0,10
8652.0,11
8653.0,2
8658.0,3
8659.0,8
8660.0,7
8661.0,2
8662.0,1
8667.0,4
8670.0,2
8671.0,2
8672.0,4
8674.0,2
8675.0,6
8676.0,2
8677.0,2
8678.0,3
8680.0,2
8681.0,2
8682.0,2
8684.0,2
8685.0,5
8689.0,1
8694.0,5
8695.0,4
8696.0,5
8697.0,6
8698.0,3
8699.0,3
8702.0,6
8704.0,6
8705.0,4
8706.0,3
8707.0,5
8708.0,4
8709.0,5
8710.0,4
8714.0,2
8716.0,4
8718.0,2
8719.0,3
8720.0,2
8721.0,4
8722.0,2
8723.0,1
8724.0,5
8725.0,5
8726.0,3
8729.0,1
8730.0,3
8731.0,5
8752.0,2
8753.0,2
8756.0,3
8757.0,7
8759.0,3
8764.0,4
8766.0,2
8767.0,2
8768.0,1
8769.0,6
8772.0,1
8773.0,8
8774.0,2
8777.0,1
8778.0,3
8779.0,2
8782.0,6
8783.0,2
8787.0,2
8788.0,2
8789.0,3
8791.0,2
8792.0,2
8803.0,1
8804.0,1
8806.0,9
8807.0,5
8808.0,5
8809.0,7
8813.0,1
8814.0,2
8815.0,5
8816.0,1
8819.0,4
8821.0,6
8822.0,3
8823.0,2
8824.0,3
8825.0,3
8826.0,3
8827.0,3
8830.0,2
8831.0,2
8833.0,2
8837.0,2
8838.0,4
8839.0,2
8840.0,5
8841.0,1
8842.0,2
8844.0,2
8845.0,4
8846.0,3
8848.0,1
8850.0,6
8851.0,1
8854.0,2
8855.0,5
8857.0,5
8858.0,2
8862.0,2
8863.0,6
8864.0,2
8865.0,1
8866.0,1
8867.0,6
8868.0,1
8869.0,6
8871.0,2
8872.0,4
8873.0,2
8874.0,3
8875.0,2
8876.0,2
8879.0,4
8881.0,1
8882.0,3
8883.0,2
8884.0,6
8885.0,5
8886.0,2
8887.0,4
8888.0,2
8891.0,2
8892.0,2
8893.0,4
8894.0,1
8897.0,1
8905.0,2
8926.0,2
8927.0,1
8929.0,2
8931.0,4
8932.0,2
8933.0,2
8939.0,3
8944.0,3
8945.0,6
8958.0,2
8962.0,3
8963.0,2
8964.0,4
8965.0,1
8966.0,1
8967.0,3
8970.0,1
8971.0,1
8972.0,2
8979.0,1
8982.0,4
8983.0,1
8984.0,3
8985.0,7
8989.0,2
8990.0,1
8992.0,6
8993.0,4
8994.0,2
8995.0,3
8996.0,1
8997.0,4
8998.0,2
8999.0,4
9001.0,4
9002.0,8
9003.0,7
9004.0,2
9005.0,2
9007.0,1
9008.0,2
9009.0,2
9011.0,1
9014.0,4
9015.0,3
9016.0,4
9017.0,3
9018.0,2
9019.0,2
9020.0,2
9021.0,5
9026.0,4
9027.0,8
9028.0,7
9029.0,14
9038.0,6
9040.0,9
9041.0,5
9042.0,7
9044.0,2
9045.0,5
9047.0,4
9048.0,4
9050.0,6
9051.0,2
9066.0,7
9072.0,5
9073.0,1
9074.0,1
9086.0,4
9087.0,1
9088.0,1
9093.0,2
9095.0,3
9096.0,3
9097.0,8
9102.0,6
9103.0,2
9104.0,4
9105.0,3
9109.0,1
9110.0,5
9111.0,2
9114.0,6
9115.0,2
9118.0,3
9119.0,4
9120.0,3
9121.0,2
9122.0,8
9123.0,12
9125.0,4
9126.0,1
9128.0,2
9130.0,1
9134.0,4
9135.0,2
9137.0,1
9140.0,4
9145.0,2
9149.0,3
9151.0,7
9152.0,4
9153.0,6
9154.0,2
9155.0,2
9157.0,7
9158.0,4
9159.0,4
9160.0,6
9161.0,4
9165.0,6
9166.0,4
9167.0,4
9168.0,2
9169.0,1
9172.0,4
9173.0,4
9174.0,6
9175.0,5
9176.0,2
9178.0,3
9179.0,6
9180.0,4
9181.0,8
9182.0,9
9186.0,6
9198.0,6
9199.0,3
9200.0,1
9201.0,5
9202.0,3
9203.0,7
9204.0,2
9205.0,6
9210.0,3
9215.0,4
9216.0,2
9217.0,3
9222.0,4
9223.0,2
9224.0,4
9225.0,5
9226.0,1
9227.0,4
9229.0,2
9245.0,2
9248.0,4
9249.0,2
9250.0,1
9258.0,2
9260.0,1
9261.0,1
9266.0,2
9270.0,4
9271.0,2
9272.0,4
9273.0,1
9275.0,1
9276.0,3
9281.0,2
9282.0,4
9283.0,2
9284.0,3
9285.0,3
9286.0,4
9287.0,7
9288.0,3
9289.0,3
9292.0,4
9293.0,3
9299.0,1
9300.0,3
9302.0,2
9303.0,2
9307.0,1
9309.0,2
9310.0,7
9313.0,3
9317.0,3
9318.0,2
9319.0,5
9320.0,11
9322.0,5
9328.0,2
9329.0,2
9331.0,2
9332.0,1
9334.0,3
9335.0,3
9339.0,2
9340.0,1
9353.0,2
9363.0,4
9366.0,2
9367.0,5
9371.0,2
9392.0,2
9393.0,2
9410.0,2
9411.0,2
9412.0,2
9414.0,4
9418.0,2
9420.0,2
9421.0,3
9422.0,2
9428.0,6
9429.0,2
9431.0,1
9432.0,1
9433.0,3
9434.0,6
9435.0,2
9436.0,4
9439.0,1
9440.0,2
9451.0,2
9452.0,1
9453.0,3
9456.0,1
9457.0,4
9458.0,4
9459.0,2
9460.0,3
9467.0,1
9468.0,4
9469.0,1
9473.0,2
9474.0,4
9477.0,1
9484.0,1
9485.0,4
9486.0,1
9487.0,2
9488.0,3
9489.0,3
9492.0,1
9493.0,2
9494.0,1
9495.0,2
9497.0,4
9498.0,2
9499.0,6
9500.0,4
9501.0,4
9502.0,4
9503.0,4
9505.0,3
9514.0,4
9518.0,1
9520.0,3
9521.0,1
9522.0,2
9524.0,2
9525.0,4
9526.0,2
9527.0,6
9528.0,2
9531.0,5
9532.0,4
9533.0,2
9542.0,1
9545.0,3
9574.0,4
9579.0,3
9580.0,4
9581.0,1
9598.0,1
9599.0,1
9600.0,1
9602.0,2
9603.0,1
9604.0,3
9605.0,1
9613.0,4
9614.0,1
9616.0,4
9617.0,1
9625.0,3
9626.0,1
9630.0,3
9634.0,4
9635.0,3
9636.0,2
9640.0,1
9641.0,1
9643.0,1
9646.0,1
9648.0,1
9650.0,3
9651.0,3
9652.0,4
9654.0,1
9657.0,2
9658.0,2
9661.0,1
9663.0,2
9678.0,3
9679.0,6
9680.0,1
9681.0,1
9682.0,1
9683.0,3
9684.0,3
9685.0,2
9686.0,3
9687.0,4
9690.0,2
9691.0,4
9692.0,2
9693.0,2
9698.0,3
9712.0,4
9713.0,4
9722.0,2
9723.0,5
9724.0,2
9725.0,2
9728.0,2
9735.0,3
9739.0,3
9740.0,9
9760.0,2
9761.0,1
9765.0,1
9766.0,2
9769.0,4
9770.0,3
9771.0,7
9772.0,4
9795.0,4
9796.0,1
9799.0,1
9800.0,4
9804.0,3
9809.0,1
9810.0,6
9811.0,2
9815.0,1
9816.0,4
9818.0,1
9821.0,1
9822.0,2
9823.0,2
9824.0,2
9826.0,3
9827.0,2
9830.0,1
9831.0,2
9832.0,1
9833.0,1
9835.0,2
9843.0,4
9846.0,2
9847.0,3
9849.0,2
9853.0,1
9870.0,2
9874.0,2
9876.0,1
9877.0,1
9878.0,2
9880.0,2
9881.0,1
9883.0,1
9884.0,2
9885.0,4
9902.0,2
9903.0,4
9905.0,1
9907.0,4
9909.0,2
9911.0,2
9912.0,2
9914.0,2
9915.0,1
9916.0,1
9917.0,2
9921.0,4
9927.0,3
9928.0,5
9929.0,4
9931.0,4
9932.0,2
9933.0,3
9952.0,2
9957.0,2
9958.0,2
9959.0,2
9965.0,6
9983.0,2
9985.0,2
9986.0,1
9994.0,2
9995.0,1
9996.0,1
9998.0,2
9999.0,4
10001.0,4
10002.0,5
10005.0,7
10009.0,4
10021.0,1
10022.0,7
10023.0,4
10024.0,3
10025.0,4
10029.0,5
10030.0,2
10031.0,2
10032.0,1
10033.0,3
10034.0,3
10035.0,6
10037.0,1
10042.0,2
10043.0,2
10044.0,6
10050.0,5
10051.0,2
10052.0,2
10064.0,3
10066.0,2
10070.0,2
10071.0,5
10072.0,4
10073.0,4
10074.0,2
10075.0,2
10076.0,5
10077.0,1
10078.0,2
10079.0,5
10082.0,1
10083.0,2
10084.0,1
10085.0,5
10090.0,1
10091.0,1
10097.0,2
10102.0,2
10103.0,2
10104.0,1
10105.0,1
10107.0,2
10118.0,2
