격자_ID,평균_거치율
34,5.208333333333333
39,0.0
40,24.583333333333332
54,96.66666666666666
55,115.83333333333331
64,220.0
68,121.66666666666667
74,32.29166666666667
75,38.888888888888886
82,78.84615384615384
83,201.04166666666669
84,105.0
89,179.16666666666666
91,135.41666666666666
93,125.83333333333334
94,22.5
95,131.66666666666669
114,85.55555555555556
116,93.75
120,48.80952380952381
121,100.0
122,112.28632478632478
123,39.16666666666666
124,40.74652777777778
127,0.0
128,36.2369420702754
142,20.0
148,31.666666666666664
150,26.666666666666664
158,75.0
173,73.33333333333333
195,60.0
202,23.61111111111111
203,24.907407407407405
204,23.4375
205,91.66666666666666
219,12.346028154851684
220,14.0625
221,70.0
223,37.77777777777777
224,30.0
230,10.0
236,163.22916666666669
262,45.83333333333333
273,7.746478873239437
277,20.0
278,15.0
280,50.0
284,121.66666666666667
290,40.0
291,67.5
294,43.75
295,79.16666666666666
296,61.83035714285714
297,12.5
299,9.090909090909092
301,81.01190476190477
303,10.555555555555555
304,41.04938271604939
306,102.38095238095238
318,33.33333333333333
353,80.0
357,0.0
362,43.33333333333333
379,72.63888888888889
380,72.91666666666666
381,160.71428571428572
382,68.75
397,52.49999999999999
399,54.58333333333333
401,276.3690476190476
411,250.0
415,257.5
418,362.5
425,283.75
426,150.0
427,60.0
430,400.0
444,482.5
445,38.333333333333336
455,551.6666666666667
460,71.66666666666666
464,54.54545454545454
472,177.91666666666669
474,265.0
475,7.971014492753623
479,30.0
496,0.0
518,111.66666666666667
523,50.0
525,14.285714285714285
527,42.361111111111114
529,48.611111111111114
530,97.77777777777777
541,16.666666666666668
544,10.0
549,12.5
550,0.37878787878787873
552,1.6666666666666665
553,0.0
559,0.4166666666666667
560,80.0
563,0.0
567,10.0
579,0.0
589,0.0
595,17.307692307692307
600,0.5
604,38.095238095238095
605,10.833333333333332
606,23.33333333333333
610,72.43589743589743
612,65.0
615,10.0
626,26.666666666666668
628,91.66666666666667
632,0.0
633,0.0
636,43.05555555555555
639,18.88888888888889
642,0.0
650,25.18518518518518
652,37.5
653,0.0
655,0.0
659,0.0
664,0.8333333333333334
676,0.0
677,33.33333333333333
681,23.333333333333336
682,2.5
684,10.0
688,7.5
690,80.76923076923077
695,84.16666666666666
696,260.0
702,130.95238095238096
704,0.0
705,20.833333333333332
706,2.0833333333333335
713,13.750000000000002
716,6.311728395061729
723,15.416666666666666
725,167.91666666666666
729,21.25
730,24.166666666666664
732,75.0
737,82.5
738,97.5
739,0.5555555555555555
740,25.555555555555557
744,11.805555555555555
745,100.83333333333333
751,51.19047619047619
753,35.18518518518518
754,2.272727272727273
757,173.33333333333334
759,0.27777777777777773
760,0.0
768,0.0
772,16.11111111111111
774,46.3888888888889
780,239.16666666666663
785,12.5
792,78.88888888888889
794,81.25
799,120.0
810,3.3333333333333335
811,116.66666666666666
812,21.666666666666664
813,19.166666666666664
819,0.0
821,67.66666666666667
823,45.833333333333336
824,0.0
827,71.52777777777777
832,19.166666666666664
835,84.79166666666667
837,43.333333333333336
839,80.0
843,3.3333333333333335
846,32.22222222222222
847,327.5
848,153.88888888888889
854,20.0
855,51.66666666666666
857,31.190476190476193
858,159.16666666666666
864,59.166666666666664
866,442.5
867,62.14285714285714
869,83.33333333333334
870,65.625
871,3.888888888888889
872,100.0
878,1.6666666666666665
881,1.111111111111111
884,0.0
885,16.296296296296294
888,0.0
892,20.0
895,9.444444444444443
898,93.45238095238096
903,75.5081300813008
909,3.3333333333333335
911,173.33333333333334
912,57.14285714285714
929,10.416666666666666
930,4.166666666666667
933,60.55555555555555
935,6.666666666666667
943,142.08333333333331
944,24.583333333333332
945,42.08333333333333
946,170.83333333333334
950,194.04761904761904
960,346.29629629629625
962,305.83333333333337
975,66.66666666666666
979,20.416666666666664
984,19.166666666666664
986,2.5
988,127.91666666666666
989,91.33333333333331
990,460.0
991,565.8333333333333
992,21.180555555555554
993,58.33333333333333
994,165.55555555555557
998,41.66666666666667
999,298.95833333333337
1003,171.35416666666669
1007,10.0
1012,113.33333333333334
1016,64.52298850574712
1019,19.047619047619047
1020,27.380952380952387
1021,57.29166666666667
1025,10.0
1026,223.125
1028,22.430555555555554
1030,40.0
1036,84.44444444444446
1048,174.16666666666666
1050,8.75
1052,16.111111111111114
1053,79.16666666666666
1054,47.49999999999999
1056,155.37037037037038
1059,95.0
1060,19.897959183673468
1062,294.93055555555554
1067,5.208333333333333
1081,90.0
1082,185.83333333333334
1095,40.83333333333333
1096,22.67361111111111
1098,25.0
1103,50.0
1104,96.66666666666669
1110,11.11111111111111
1121,126.92307692307692
1127,259.16666666666663
1128,230.0
1131,256.7708333333333
1134,84.375
1135,10.0
1169,265.55555555555554
1171,22.67361111111111
1173,31.944444444444443
1177,288.8888888888889
1178,602.3809523809524
1180,41.666666666666664
1181,54.72222222222222
1184,22.619047619047617
1193,100.0
1194,388.33333333333337
1196,503.4722222222222
1206,140.0
1233,161.66666666666669
1234,48.611111111111114
1243,24.166666666666664
1245,70.83333333333334
1247,92.45149911816578
1250,0.5555555555555555
1256,547.9166666666666
1260,553.3333333333334
1261,308.33333333333337
1262,115.0
1263,150.0
1265,60.95238095238095
1272,47.22222222222223
1288,152.77777777777777
1290,80.0
1298,93.33333333333334
1299,15.0
1301,28.333333333333336
1306,178.125
1313,76.66666666666667
1316,93.33333333333331
1321,3.833333333333333
1323,163.19444444444446
1325,227.24358974358978
1326,30.0
1327,90.83333333333333
1329,156.25
1330,286.66666666666663
1353,121.60714285714286
1354,60.0
1355,49.99999999999999
1356,66.66666666666666
1372,0.0
1380,44.58333333333333
1383,3.333333333333333
1384,4.166666666666667
1392,64.16666666666666
1393,13.333333333333334
1395,10.0
1399,786.6666666666667
1402,221.33333333333331
1405,102.77777777777779
1408,109.375
1412,1.1904761904761905
1416,16.666666666666664
1433,49.99999999999999
1458,19.166666666666668
1470,86.66666666666667
1480,18.333333333333336
1483,33.33333333333333
1485,125.0
1488,66.3888888888889
1490,72.88461538461539
1492,135.83333333333331
1499,22.916666666666664
1507,99.99999999999999
1527,79.16666666666666
1538,68.88888888888889
1543,60.0
1545,38.333333333333336
1547,170.83333333333331
1548,330.0
1558,17.5
1562,50.0
1564,135.0
1573,82.5
1575,60.71428571428571
1602,0.0
1616,194.27083333333334
1618,170.23809523809524
1627,62.89774557165862
1628,89.16666666666667
1630,6.666666666666667
1631,53.33333333333333
1633,0.0
1647,85.87962962962963
1649,158.33333333333331
1653,193.8888888888889
1659,12.499999999999998
1663,85.41666666666667
1664,55.0
1668,78.33333333333333
1669,202.49999999999994
1690,33.33333333333333
1692,196.875
1693,70.0
1712,18.51851851851852
1713,16.52777777777778
1717,61.78571428571428
1720,86.11111111111111
1724,34.79166666666667
1727,87.5
1730,270.0
1761,158.33333333333331
1766,75.0
1770,104.62962962962962
1790,30.0
1795,8.333333333333334
1801,89.58333333333333
1812,68.33333333333334
1815,43.58974358974359
1816,9.166666666666666
1818,58.888888888888886
1821,77.93900259909032
1830,20.0
1831,63.33333333333333
1832,32.291666666666664
1837,100.0
1840,40.19607843137255
1844,80.0
1845,13.888888888888888
1851,41.66666666666667
1872,113.54166666666666
1883,50.0
1919,47.22222222222223
1921,99.16666666666667
1925,4.861111111111111
1931,40.74074074074075
1954,33.33333333333333
1960,4.907407407407407
1973,34.523809523809526
1979,97.79761904761905
1981,45.11494252873564
1988,120.83333333333331
1993,21.428571428571434
1998,77.5
2002,80.0
2005,20.0
2008,62.77777777777777
2010,55.83333333333333
2013,69.16666666666667
2035,52.083333333333336
2036,45.27777777777777
2042,0.0
2044,174.16666666666666
2046,32.5
2058,162.12121212121212
2060,46.15384615384615
2079,246.66666666666663
2081,100.0
2086,200.0
2088,34.16666666666667
2094,52.85541752933057
2106,190.0
2111,50.0
2114,38.33333333333333
2118,1.5151515151515151
2127,4.166666666666666
2128,61.45833333333334
2134,72.63888888888889
2140,17.5
2141,6.666666666666666
2153,36.25
2157,138.33333333333331
2164,21.666666666666664
2170,39.16666666666667
2171,63.54166666666667
2172,40.0
2173,35.83333333333333
2181,0.0
2192,3.3333333333333335
2193,47.916666666666664
2203,3.3333333333333335
2218,87.5
2240,67.36111111111111
2241,16.25
2252,18.93939393939394
2258,93.33333333333333
2271,150.0
2272,70.0
2273,15.0
2274,28.88888888888889
2278,46.92982456140351
2279,0.0
2280,110.625
2282,98.47222222222223
2283,15.0
2284,9.166666666666666
2286,48.33333333333333
2288,10.0
2292,42.49999999999999
2295,220.03968253968253
2304,5.208333333333334
2312,50.0
2314,2.5
2316,10.0
2319,21.25
2321,127.5
2323,55.833333333333336
2324,31.59722222222222
2325,63.75
2326,102.5
2370,80.56089743589743
2371,90.0
2372,108.33333333333331
2373,44.44444444444444
2374,73.33333333333333
2375,0.0
2376,26.666666666666668
2378,35.83333333333333
2380,92.73550724637681
2381,104.87179487179488
2386,45.45454545454545
2388,102.5
2391,101.0
2393,92.59259259259258
2394,65.0
2396,39.58333333333333
2398,52.22222222222222
2401,0.0
2408,105.20833333333334
2411,48.958333333333336
2412,112.28070175438596
2417,2.976190476190476
2418,75.0
2426,87.5
2447,72.22222222222223
2450,98.13492063492065
2460,85.37037037037037
2461,5.0
2465,102.08333333333334
2468,124.16666666666667
2469,79.58333333333333
2470,53.05555555555556
2481,79.07986111111111
2485,250.0
2491,59.523809523809526
2494,90.0
2512,11.805555555555554
2513,0.0
2516,32.5
2517,90.0
2572,103.33333333333333
2574,111.875
2584,7.5
2596,13.363095238095237
2600,18.333333333333336
2618,3.125
2624,3.8461538461538463
2628,42.30769230769231
2638,52.5
2640,33.22916666666667
2643,91.53846153846155
2647,50.27777777777778
2649,53.74999999999999
2653,84.58333333333334
2654,87.5
2655,154.16666666666669
2659,280.0
2664,114.36507936507937
2671,70.83333333333333
2681,110.0
2686,21.666666666666664
2711,30.0
2712,11.458333333333334
2716,0.0
2755,0.0
2756,4.166666666666667
2758,16.78240740740741
2762,69.33333333333334
2777,21.25
2783,18.333333333333336
2784,18.75
2789,72.5
2792,0.0
2796,65.83333333333334
2816,27.418414918414918
2817,15.0
2820,64.58333333333333
2821,70.0
2824,75.0
2834,119.02777777777777
2835,106.66666666666667
2836,0.0
2844,57.5
2845,20.0
2847,0.0
2852,0.0
2854,7.5
2867,250.0
2873,89.12037037037037
2874,120.37037037037038
2875,61.11111111111111
2876,4.166666666666667
2927,135.0
2948,16.319444444444443
2949,15.944989106753814
2956,71.42857142857143
2978,43.33333333333333
2988,59.52380952380952
3001,5.208333333333332
3002,24.62962962962963
3004,60.0
3011,0.0
3015,7.083333333333333
3025,21.666666666666664
3038,112.96296296296296
3044,149.16666666666669
3049,8.75
3054,165.625
3055,55.55555555555555
3057,84.62301587301587
3058,175.83333333333331
3064,126.73611111111111
3067,120.0
3070,73.98809523809524
3085,90.0
3106,70.0
3136,52.604166666666664
3137,138.88888888888889
3139,20.0
3147,126.66666666666666
3149,97.5
3159,83.51190476190476
3161,100.55555555555557
3169,105.83333333333331
3170,34.32539682539682
3183,26.666666666666668
3186,0.0
3197,97.29166666666667
3198,27.083333333333336
3213,50.0
3215,73.48484848484848
3227,2.5
3229,0.0
3234,14.873188405797102
3247,15.277777777777777
3250,8.333333333333334
3259,65.0
3260,35.41666666666667
3326,26.666666666666668
3327,55.55555555555556
3332,210.0
3345,9.523809523809524
3346,28.88888888888889
3348,0.0
3354,158.75
3360,110.83333333333333
3361,3.333333333333333
3376,196.04166666666666
3385,22.5
3386,45.83333333333333
3391,71.11111111111111
3394,0.0
3400,10.0
3407,5.555555555555555
3408,68.95833333333333
3409,75.0
3412,8.333333333333332
3414,5.714285714285714
3427,191.66666666666663
3428,10.0
3430,31.140350877192983
3432,60.0
3436,1.3157894736842106
3439,63.33333333333333
3440,30.76388888888889
3441,0.0
3442,0.0
3443,50.0
3444,91.66666666666667
3449,0.0
3450,20.0
3466,10.0
3472,140.0
3484,53.30128205128205
3498,80.41666666666667
3507,12.179487179487179
3509,11.538461538461538
3512,33.33333333333333
3514,25.0
3515,0.0
3516,0.0
3519,160.0
3520,103.47222222222221
3522,83.18910256410257
3525,27.5
3530,55.55555555555556
3536,60.0
3537,27.31060606060606
3553,44.27083333333333
3564,47.3731884057971
3567,34.375
3569,178.125
3570,92.3611111111111
3572,19.983974358974358
3592,11.666666666666666
3593,8.854166666666666
3597,15.833333333333334
3605,77.81954887218045
3606,103.33333333333331
3612,31.111111111111107
3614,144.16666666666669
3621,77.73809523809524
3622,30.0
3625,0.0
3631,49.58333333333334
3639,175.0
3640,110.0
3644,141.66666666666669
3651,2.7777777777777777
3668,27.083333333333336
3669,11.666666666666668
3674,9.523809523809524
3675,0.0
3677,10.0
3681,0.4166666666666667
3683,10.0
3684,47.61904761904762
3700,70.0
3701,81.38888888888889
3702,81.875
3703,7.5
3708,15.833333333333332
3710,9.166666666666668
3715,119.16666666666666
3720,5.0
3723,19.39102564102564
3725,138.66666666666666
3726,95.83333333333333
3740,0.0
3744,9.166666666666668
3747,93.33333333333333
3748,122.5
3752,23.684210526315788
3753,14.340277777777777
3754,48.75
3755,165.83333333333331
3756,49.166666666666664
3758,80.44117647058823
3769,175.0
3778,110.83333333333333
3782,30.0
3795,31.32716049382716
3802,0.0
3809,73.87037037037038
3812,13.333333333333332
3815,64.58333333333334
3825,24.166666666666668
3826,31.891025641025642
3827,15.0
3829,125.55555555555556
3836,8.194444444444443
3837,20.0
3844,20.833333333333336
3847,20.0
3848,90.0
3855,70.0
3857,90.0
3858,10.0
3859,113.33333333333334
3860,0.0
3862,50.0
3868,56.41025641025641
3870,74.16666666666666
3873,66.66666666666667
3874,198.61111111111111
3877,167.94871794871796
3879,16.666666666666668
3883,81.66666666666666
3884,43.33333333333333
3886,0.0
3893,50.55555555555556
3894,46.666666666666664
3896,45.83333333333333
3897,67.5
3898,51.504824151882964
3905,8.75
3916,268.33333333333337
3923,184.44444444444446
3925,198.33333333333334
3943,9.166666666666664
3944,5.833333333333333
3950,47.61904761904762
3951,217.5
3953,143.75
3955,0.0
3957,100.0
3958,235.7142857142857
3971,27.777777777777775
3977,83.33333333333333
3978,144.16666666666669
3982,27.916666666666664
3983,66.875
3989,13.333333333333334
3990,78.75
3991,11.904761904761903
3993,65.0
3995,81.52777777777777
3998,130.0
3999,41.66666666666667
4000,166.66666666666666
4003,22.58771929824561
4004,35.95238095238095
4006,1.3888888888888888
4009,42.91666666666667
4013,148.33333333333331
4015,59.72222222222222
4016,216.66666666666669
4017,54.58333333333333
4018,26.666666666666668
4020,47.5
4023,211.3095238095238
4034,181.66666666666666
4035,72.22222222222223
4037,156.66666666666666
4040,0.0
4043,54.166666666666664
4047,19.999999999999996
4048,77.77777777777777
4050,46.875
4051,120.41666666666666
4054,96.66666666666669
4057,103.33333333333334
4059,61.507936507936506
4061,3.6111111111111107
4066,108.33333333333333
4070,93.33333333333333
4071,113.88888888888889
4076,65.35087719298245
4078,50.416666666666664
4083,2.9166666666666665
4084,36.53846153846154
4092,26.85515873015873
4093,13.055555555555557
4098,0.0
4110,381.25
4125,90.0
4162,50.44070512820513
4165,100.0
4176,3.8888888888888884
4179,13.333333333333334
4181,62.49999999999999
4184,65.41666666666666
4187,35.83333333333333
4188,2.708333333333333
4191,69.16666666666666
4192,219.80158730158732
4193,16.666666666666664
4195,45.833333333333336
4197,98.95833333333333
4199,155.0
4204,105.0
4205,131.64874551971323
4206,8.333333333333332
4207,83.33333333333334
4208,30.0
4216,126.66666666666666
4219,55.26315789473684
4225,107.91666666666666
4230,27.708333333333336
4239,48.0
4246,14.583333333333332
4247,98.80952380952382
4248,66.1111111111111
4250,26.458333333333336
4253,31.666666666666664
4255,64.47916666666667
4257,84.72222222222223
4258,46.66666666666667
4261,10.0
4263,108.24074074074073
4285,44.375
4299,96.875
4335,35.83333333333333
4341,132.5
4349,71.66666666666666
4353,77.77777777777779
4356,71.66666666666666
4357,0.0
4358,29.166666666666668
4370,90.0
4380,92.3611111111111
4383,183.33333333333331
4388,195.0
4389,171.66666666666666
4392,238.33333333333337
4393,477.5
4394,108.33333333333334
4395,18.333333333333332
4396,113.33333333333333
4399,45.45454545454545
4401,149.30555555555554
4408,104.16666666666667
4411,185.7142857142857
4417,110.0
4418,7.5
4419,62.96296296296296
4421,0.0
4422,69.72222222222223
4426,15.833333333333332
4429,126.66666666666667
4435,91.66666666666666
4438,104.72222222222223
4451,74.16666666666667
4453,206.25
4456,144.23076923076923
4458,73.33333333333334
4459,86.66666666666666
4460,5.263157894736842
4463,60.0
4466,15.0
4472,71.2962962962963
4473,102.6388888888889
4474,94.44444444444446
4475,24.166666666666664
4477,140.0
4496,27.083333333333332
4500,65.0
4516,82.29166666666667
4517,47.083333333333336
4518,77.91666666666667
4530,3.3333333333333335
4536,32.8125
4537,7.5
4547,183.3333333333333
4549,242.85714285714283
4551,34.0
4552,110.0
4558,0.0
4574,114.28571428571428
4575,80.0
4578,180.0
4588,71.66666666666667
4590,161.66666666666666
4592,57.39583333333333
4594,60.51587301587303
4603,18.61111111111111
4604,33.33333333333333
4605,105.95238095238095
4606,66.04166666666667
4609,32.5
4614,60.833333333333336
4615,89.16666666666667
4618,34.29802955665025
4619,69.79166666666666
4620,17.916666666666668
4624,156.25
4626,17.08333333333333
4636,37.5
4637,195.83333333333331
4639,309.16666666666663
4640,40.0
4641,20.0
4642,75.92592592592592
4647,97.5
4648,189.16666666666663
4653,214.16666666666663
4656,26.38888888888889
4657,121.35416666666666
4660,28.639069264069263
4661,16.666666666666664
4667,33.33333333333333
4672,102.5
4673,236.1111111111111
4675,108.8888888888889
4683,124.30555555555554
4689,130.83333333333334
4695,227.5
4696,29.166666666666668
4698,26.19047619047619
4699,273.33333333333337
4702,60.625
4705,135.32894736842104
4706,60.0
4707,45.83333333333333
4708,123.33333333333334
4709,82.63888888888889
4711,55.833333333333336
4712,141.11111111111111
4717,152.5
4719,131.25
4729,115.0
4735,68.75
4739,116.07142857142857
4743,242.5
4752,58.33333333333333
4754,43.33333333333333
4758,105.95238095238095
4759,55.0
4760,64.1098484848485
4761,58.01282051282051
4765,473.33333333333326
4769,66.66666666666667
4774,280.0
4777,28.333333333333332
4778,41.666666666666664
4780,112.22222222222224
4783,45.40598290598291
4784,35.0
4787,17.083333333333336
4789,19.37984496124032
4790,160.0
4793,90.34722222222223
4803,113.75
4804,113.66666666666666
4820,66.77083333333333
4821,38.88888888888889
4822,0.0
4823,121.66666666666666
4825,45.833333333333336
4832,125.0
4833,173.61111111111111
4835,46.875
4836,165.0
4841,102.91666666666666
4842,44.166666666666664
4846,73.71794871794872
4847,49.16666666666667
4848,43.16123188405797
4849,20.0
4853,120.0
4854,75.0
4855,120.0
4857,130.0
4858,80.55555555555556
4869,122.22222222222223
4879,259.44444444444446
4880,63.75
4881,85.0
4884,61.94444444444444
4885,72.5
4886,80.83333333333334
4887,26.666666666666668
4888,60.0
4892,0.6944444444444444
4893,13.24074074074074
4896,76.45833333333333
4897,137.5
4898,120.83333333333333
4900,110.83333333333334
4901,210.01602564102564
4905,29.166666666666664
4907,150.0
4909,11.666666666666668
4912,62.5
4913,30.0
4914,25.625
4920,269.16666666666663
4921,77.5
4922,113.0
4923,6.896551724137931
4927,79.375
4932,150.0
4945,102.77777777777779
4949,39.285714285714285
4951,14.166666666666666
4955,85.06944444444444
4959,24.166666666666664
4960,100.0
4962,77.16374269005848
4965,171.33333333333334
4969,18.33333333333333
4972,144.72222222222223
4978,178.33333333333331
4982,26.666666666666668
4987,76.66666666666667
4988,64.16666666666666
4989,168.33333333333334
4990,20.23809523809524
4992,20.555555555555557
4995,176.66666666666666
4997,192.2222222222222
4998,45.0
5008,37.5
5011,171.66666666666669
5013,25.0
5016,149.99999999999997
5020,76.66666666666666
5022,97.5
5027,13.333333333333332
5031,151.66666666666669
5037,200.0
5044,40.0
5055,53.333333333333336
5056,55.833333333333336
5061,90.47619047619048
5067,0.0
5072,89.88095238095238
5074,259.1666666666667
5080,56.666666666666664
5082,49.074074074074076
5084,68.33333333333333
5086,177.5
5104,104.16666666666667
5106,11.666666666666664
5109,353.587962962963
5110,326.6666666666667
5111,3.3333333333333335
5113,10.416666666666666
5116,49.166666666666664
5117,25.0
5120,121.66666666666667
5121,45.833333333333336
5126,331.66666666666663
5127,166.66666666666669
5132,60.0
5133,36.111111111111114
5136,170.0
5137,18.333333333333336
5141,70.0
5144,82.5
5146,124.99999999999999
5148,70.0
5149,26.190476190476193
5152,328.33333333333337
5157,245.0
5160,67.43055555555556
5162,33.854166666666664
5168,87.5
5169,131.94444444444446
5177,156.52173913043478
5178,180.83333333333331
5179,20.0
5190,85.41666666666666
5194,30.555555555555557
5195,70.0
5197,44.44444444444444
5210,92.08333333333334
5224,172.61904761904762
5228,35.41666666666667
5229,57.5
5230,0.0
5234,59.84848484848486
5235,31.140350877192983
5243,15.104166666666666
5244,83.33333333333334
5248,0.0
5254,150.0
5263,89.0625
5265,131.66666666666666
5266,11.25
5267,20.37037037037037
5269,76.52777777777777
5275,169.79166666666666
5278,32.22222222222223
5279,23.611111111111114
5280,49.40476190476191
5281,194.58333333333334
5283,2.7777777777777777
5284,83.33333333333334
5285,26.086956521739133
5288,70.83333333333333
5291,39.09313725490196
5292,36.458333333333336
5294,104.16666666666666
5308,2.5
5313,3.3333333333333335
5314,18.75
5316,53.541666666666664
5324,38.19444444444444
5325,107.4074074074074
5327,235.0
5328,98.33333333333334
5329,47.549019607843135
5332,48.888888888888886
5334,82.40740740740742
5344,37.77777777777777
5354,63.888888888888886
5361,112.22222222222223
5364,24.166666666666664
5366,37.24358974358974
5378,65.625
5384,25.833333333333332
5385,67.70833333333333
5386,53.12500000000001
5387,65.10416666666667
5391,114.16666666666667
5393,63.75
5394,70.23809523809524
5397,57.5
5405,289.16666666666663
5406,86.66666666666667
5413,100.41666666666666
5417,33.75
5420,160.0
5422,15.833333333333332
5425,107.5
5429,55.0
5435,96.66666666666667
5444,24.666666666666668
5448,10.555555555555555
5452,126.66666666666667
5453,27.083333333333336
5454,79.44444444444446
5465,17.045454545454547
5466,79.81481481481481
5479,38.33333333333333
5480,14.444444444444445
5482,27.5
5483,128.125
5485,18.181818181818176
5486,56.48148148148148
5494,64.58333333333334
5495,0.5555555555555555
5502,24.722222222222218
5504,47.916666666666664
5505,31.410256410256416
5518,92.85714285714286
5533,184.16666666666666
5534,77.02380952380952
5537,50.0
5544,240.83333333333331
5554,35.833333333333336
5558,13.333333333333332
5564,42.948717948717956
5565,80.0
5567,98.33333333333333
5573,52.77777777777777
5574,55.833333333333336
5582,27.22222222222222
5589,25.277777777777775
5590,36.66666666666667
5594,49.58333333333333
5598,50.641025641025635
5599,197.22222222222223
5600,30.833333333333332
5602,30.0
5606,59.16666666666667
5610,29.166666666666664
5612,88.88888888888889
5615,86.45833333333333
5620,22.5
5622,43.33333333333333
5623,119.04761904761905
5629,32.87037037037037
5637,54.166666666666664
5639,52.5
5640,95.0
5641,104.58333333333333
5652,78.75
5655,67.08333333333333
5657,12.5
5659,84.61538461538461
5667,4.761904761904762
5669,72.5
5670,0.0
5671,0.0
5678,145.19841269841268
5681,90.0
5683,98.33333333333334
5684,135.71428571428572
5685,196.45833333333331
5686,20.238095238095237
5697,37.5
5698,117.08333333333333
5699,120.0
5701,64.16666666666666
5704,141.66666666666669
5705,12.5
5706,167.5
5708,100.0
5711,48.61111111111111
5712,26.666666666666664
5714,52.0
5717,149.47916666666666
5723,92.5
5732,160.0
5735,15.0
5740,40.0
5742,10.0
5743,123.75
5747,4.791666666666666
5759,170.0
5760,40.67307692307692
5762,10.833333333333332
5763,60.65686274509804
5764,107.07532051282051
5766,3.070175438596491
5769,94.27083333333333
5771,27.5
5778,57.407407407407405
5779,141.66666666666666
5783,87.31684981684982
5785,24.074074074074076
5786,84.16666666666666
5788,32.638888888888886
5790,78.70370370370371
5796,783.3333333333334
5802,40.0
5812,15.833333333333332
5815,46.45833333333333
5816,47.333333333333336
5820,77.88690476190476
5821,91.11111111111111
5822,82.91666666666666
5823,56.66666666666667
5827,155.0
5828,16.666666666666664
5831,17.08333333333333
5832,57.33333333333333
5833,52.12418300653595
5834,54.30107526881721
5852,85.0
5854,194.16666666666663
5855,163.54166666666663
5856,197.08333333333331
5857,71.66666666666666
5858,43.541666666666664
5863,62.5
5864,83.33333333333333
5867,60.09615384615385
5868,67.74193548387096
5869,79.8076923076923
5870,37.37878787878788
5871,201.66666666666669
5878,45.0
5881,16.666666666666668
5882,95.41666666666667
5890,150.0
5898,98.54166666666667
5912,133.33333333333331
5913,120.0
5934,21.25
5936,56.66666666666667
5937,146.66666666666669
5938,29.583333333333336
5940,84.58333333333333
5942,130.0
5961,130.0
5964,50.0
5967,124.33333333333333
5971,75.27777777777777
5972,283.8888888888889
5974,138.33333333333334
5979,8.61111111111111
5983,186.24999999999997
5984,107.22222222222221
5985,150.0
5999,73.71794871794872
6000,11.25
6001,46.666666666666664
6003,166.38888888888889
6004,88.99305555555556
6005,33.333333333333336
6007,0.0
6015,53.74999999999999
6016,14.583333333333332
6018,7.5
6019,134.58333333333331
6020,12.5
6021,5.333333333333334
6039,97.5
6041,99.07407407407408
6049,43.75
6055,51.44444444444445
6056,30.0
6057,50.416666666666664
6058,33.888888888888886
6060,62.22222222222222
6061,91.98717948717949
6070,41.666666666666664
6071,85.41666666666667
6078,104.16666666666667
6088,30.0
6089,72.77777777777779
6100,20.83333333333333
6101,106.25
6105,90.0
6121,30.833333333333332
6124,34.523809523809526
6125,80.38194444444446
6132,58.66666666666667
6157,150.0
6163,62.08333333333333
6166,108.33333333333331
6216,57.91666666666667
6222,108.33333333333333
6224,5.0
6229,74.16666666666667
6276,100.0
6298,43.33333333333333
6446,28.75
6449,4.487179487179487
6450,25.0
6452,0.8333333333333334
6453,39.16666666666666
6454,2.7777777777777772
6458,25.833333333333332
6459,3.3333333333333335
6460,40.69444444444444
6464,78.33333333333334
6466,104.72222222222223
6474,171.38888888888889
6483,0.0
6489,12.499999999999998
6493,260.0
6494,30.0
6495,21.666666666666664
6496,33.33333333333333
6497,49.826388888888886
6498,42.85714285714286
6499,29.166666666666664
6500,48.95833333333333
6504,135.71428571428572
6506,57.77777777777778
6509,25.0
6512,187.5
6520,33.81410256410257
6522,325.0
6526,48.88888888888889
6527,72.08333333333333
6532,87.77777777777777
6533,50.0
6535,52.61904761904762
6540,112.5
6541,68.33333333333333
6544,62.083333333333336
6557,70.83333333333333
6558,5.0
6560,34.16666666666667
6564,11.041666666666666
6574,65.0
6575,76.66666666666667
6576,84.375
6577,96.66666666666666
6582,30.208333333333336
6583,21.666666666666668
6630,30.0
6652,39.16666666666667
6653,253.33333333333331
6655,2.051282051282051
6659,87.30158730158729
6663,111.11111111111111
6666,110.83333333333334
6667,58.75
6670,53.26071169208424
6672,57.5
6673,43.75
6675,25.0
6676,175.0
6679,39.166666666666664
6683,68.88888888888889
6687,120.0
6688,188.3333333333333
6689,62.77777777777777
6693,28.333333333333336
6695,6.25
6696,10.833333333333332
6697,24.166666666666664
6700,46.296296296296305
6706,28.333333333333336
6709,73.33333333333333
6717,69.58333333333334
6738,1.6666666666666665
6739,10.972222222222221
6740,3.3333333333333335
6741,14.285714285714285
6758,25.0
6763,40.833333333333336
6765,100.0
6783,29.62962962962963
6788,60.83333333333333
6791,272.91666666666663
6793,234.16666666666666
6794,62.25490196078431
6804,196.66666666666663
6808,110.08986928104574
6809,99.30555555555554
6815,31.944444444444446
6818,20.416666666666668
6819,70.83333333333334
6820,10.0
6821,27.27272727272727
6824,53.50877192982456
6828,88.96011396011397
6831,141.66666666666666
6838,64.16666666666666
6839,48.888888888888886
6841,40.0
6844,30.833333333333332
6851,0.0
6862,103.7037037037037
6863,124.47916666666666
6866,81.94444444444444
6868,78.33333333333334
6869,36.92307692307692
6870,55.55555555555555
6875,89.81481481481482
6876,7.738095238095238
6906,50.0
6911,13.020833333333332
6913,61.458333333333336
6918,33.87400793650794
6920,15.104166666666664
6923,157.63888888888889
6927,56.388888888888886
6928,11.11111111111111
6929,0.8333333333333334
6949,212.5
6955,3.3333333333333335
6956,53.57142857142857
6957,70.0
6959,67.77777777777777
6960,110.71428571428572
6976,131.66666666666666
6979,12.962962962962962
6980,20.833333333333332
6981,78.75
6986,10.833333333333334
6988,0.0
6989,52.5
6990,57.5
6997,51.66666666666667
7001,20.37037037037037
7005,82.29166666666666
7006,100.0
7015,16.666666666666664
7038,106.94444444444444
7039,13.333333333333332
7043,51.66666666666667
7044,160.0
7050,10.0
7062,41.04166666666667
7069,6.666666666666667
7071,74.20289855072464
7079,32.5
7082,156.11111111111111
7095,23.611111111111107
7097,22.708333333333336
7102,37.5
7105,42.49999999999999
7106,61.53846153846155
7109,247.5
7110,125.0
7112,26.666666666666668
7113,169.44444444444446
7115,17.5
7117,38.333333333333336
7118,55.83333333333333
7124,41.666666666666664
7126,54.16666666666667
7129,97.22222222222223
7131,141.66666666666669
7139,36.111111111111114
7152,57.5
7154,40.0
7156,97.91666666666666
7157,110.0
7158,0.0
7159,4.166666666666666
7161,63.33333333333333
7162,62.84722222222223
7164,12.5
7165,56.66666666666667
7169,649.1666666666666
7171,7.6923076923076925
7176,0.0
7178,130.83333333333334
7184,48.57142857142857
7198,50.0
7201,114.58333333333334
7211,13.333333333333334
7214,0.0
7215,120.0
7217,278.3333333333333
7221,115.41666666666666
7223,50.0
7228,70.46474358974359
7231,160.0
7236,0.0
7243,0.4166666666666667
7257,25.34722222222222
7259,96.25
7260,47.61904761904762
7262,31.666666666666668
7266,56.666666666666664
7269,5.833333333333334
7270,15.416666666666664
7271,40.0
7272,13.333333333333332
7273,0.0
7275,10.185185185185183
7276,13.541666666666668
7277,64.16666666666666
7278,40.0
7279,0.0
7283,37.71929824561404
7291,115.83333333333331
7299,0.0
7304,52.96296296296296
7307,0.0
7314,76.66666666666666
7321,46.66666666666667
7326,281.94444444444446
7328,200.0
7333,59.49612403100775
7339,26.666666666666668
7350,170.0
7355,50.0
7359,102.5
7363,67.08333333333334
7364,33.611111111111114
7365,85.71428571428571
7369,33.33333333333333
7371,47.72727272727273
7374,93.37962962962962
7375,83.33333333333333
7376,3.571428571428571
7382,53.1060606060606
7384,95.0
7386,91.66666666666667
7388,120.0
7389,30.0
7390,11.11111111111111
7391,26.666666666666668
7392,106.66666666666669
7394,103.78787878787881
7395,120.0
7399,47.361111111111114
7410,120.0
7411,91.0
7413,31.944444444444443
7426,14.444444444444445
7435,160.0
7436,77.5
7439,90.0
7442,7.291666666666667
7449,10.0
7450,26.666666666666668
7454,7.142857142857142
7459,0.0
7460,0.0
7461,16.25
7465,126.66666666666667
7466,209.16666666666663
7468,71.66666666666666
7469,35.55555555555555
7471,12.708333333333334
7473,40.0
7484,21.428571428571434
7490,67.70833333333333
7495,67.70833333333333
7508,52.552083333333336
7510,11.574074074074073
7520,54.166666666666664
7522,92.22222222222223
7527,52.5
7528,280.0
7532,67.08333333333334
7533,33.33333333333333
7534,75.18518518518518
7536,20.0
7546,131.66666666666669
7551,27.5
7552,115.0
7554,21.568627450980394
7562,46.66666666666667
7565,38.88888888888889
7567,178.7037037037037
7569,65.83333333333334
7571,69.16666666666666
7572,47.5
7574,13.333333333333334
7575,77.91666666666666
7579,5.0
7580,0.0
7588,66.66666666666666
7593,12.5
7595,25.0
7605,41.66666666666667
7619,13.333333333333334
7620,115.0
7623,41.666666666666664
7628,89.58333333333334
7630,113.33333333333333
7633,195.83333333333334
7634,6.666666666666667
7635,58.75
7638,65.0
7639,61.11111111111112
7640,72.61904761904762
7641,120.0
7642,2.0833333333333335
7651,75.64102564102564
7656,130.0
7662,61.63995726495727
7667,82.57575757575758
7668,40.83333333333333
7672,75.0
7676,183.33333333333334
7682,98.6111111111111
7685,50.41666666666667
7688,30.0
7692,107.17592592592594
7697,105.83333333333333
7701,65.83333333333333
7706,4.166666666666667
7720,22.02380952380952
7726,50.0
7728,28.33333333333333
7731,46.875
7733,137.5
7734,44.791666666666664
7735,50.0
7738,51.282051282051285
7741,111.66666666666666
7742,0.0
7745,0.0
7747,171.875
7756,80.90277777777777
7758,13.333333333333334
7765,20.0
7767,12.916666666666666
7776,47.083333333333336
7777,19.0
7778,36.226851851851855
7783,65.10416666666666
7784,77.77777777777777
7785,171.42857142857142
7786,80.0
7787,124.16666666666667
7788,29.999999999999996
7790,51.19047619047619
7795,80.0
7798,25.416666666666664
7799,67.91666666666667
7801,49.72222222222223
7806,80.0
7812,67.42424242424242
7813,87.5
7814,23.75
7819,70.0
7825,70.0
7828,111.66666666666666
7832,136.66666666666669
7839,49.72222222222223
7843,66.66666666666666
7856,50.0
7857,90.33333333333334
7861,20.0
7862,24.583333333333336
7868,53.58796296296296
7869,16.666666666666664
7872,0.4166666666666667
7877,186.3888888888889
7879,10.0
7896,158.8888888888889
7897,61.19791666666667
7898,90.0
7902,80.0
7903,111.09649122807018
7912,40.0
7913,60.20833333333334
7916,65.0
7917,30.833333333333332
7920,19.047619047619047
7923,2.5
7925,5.833333333333333
7932,16.666666666666664
7938,20.833333333333332
7943,120.00000000000001
7951,40.74074074074075
7959,0.0
7961,33.33333333333333
7963,122.5
7964,66.66666666666666
7967,20.833333333333332
7972,59.58333333333333
7973,4.761904761904762
7983,80.0
7985,30.833333333333332
7994,20.833333333333332
7997,9.166666666666666
7999,96.66666666666667
8005,20.0
8012,239.16666666666663
8024,66.66666666666666
8030,0.0
8033,60.833333333333336
8035,0.0
8043,30.833333333333332
8044,123.33333333333333
8045,60.833333333333336
8046,36.36363636363637
8049,2.7777777777777777
8058,0.0
8060,82.03703703703704
8061,30.555555555555554
8064,53.33333333333333
8075,42.5
8076,42.1875
8080,13.541666666666668
8081,47.291666666666664
8088,27.77777777777778
8090,43.33333333333333
8095,0.0
8096,84.58333333333333
8098,93.33333333333331
8100,40.0
8102,9.615384615384615
8103,54.411764705882355
8104,31.666666666666664
8109,115.83333333333334
8115,38.61111111111111
8116,45.45454545454545
8117,58.92857142857143
8120,207.5
8122,9.583333333333332
8124,119.16666666666667
8137,103.88888888888887
8141,120.0
8146,52.39583333333333
8158,13.020833333333332
8162,85.0
8164,16.666666666666664
8165,40.833333333333336
8171,16.666666666666664
8173,8.333333333333332
8183,110.04166666666667
8185,4.166666666666667
8190,78.33333333333334
8191,97.82608695652175
8193,44.583333333333336
8198,81.66666666666666
8199,165.0
8206,160.0
8223,48.958333333333336
8224,30.0
8225,51.666666666666664
8235,25.0
8242,33.33333333333333
8244,51.666666666666664
8245,29.464285714285722
8246,87.96296296296296
8248,63.33333333333333
8250,15.767195767195766
8251,92.85714285714286
8252,35.0
8253,87.58333333333334
8258,41.66666666666667
8261,53.33333333333333
8270,11.25
8280,35.0
8282,58.75
8283,93.18181818181819
8285,12.5
8298,5.666666666666666
8300,10.0
8306,66.66666666666666
8307,20.0
8319,17.26190476190476
8322,9.090909090909092
8323,22.22222222222222
8329,248.33333333333331
8334,325.0
8339,15.972222222222221
8343,5.0
8345,0.0
8346,0.4166666666666667
8349,0.0
8352,192.5925925925926
8357,7.352941176470588
8358,84.58333333333333
8359,67.61904761904763
8362,21.458333333333336
8363,32.78985507246377
8364,145.0
8370,10.0
8375,52.5
8382,20.0
8385,110.00000000000001
8389,56.25
8391,85.55555555555556
8412,120.83333333333334
8413,134.375
8415,18.75
8418,97.5
8421,38.541666666666664
8434,85.83333333333334
8435,80.0
8436,83.33333333333333
8445,55.833333333333336
8447,120.0
8451,12.5
8453,20.90277777777778
8455,10.0
8482,166.66666666666669
8485,15.0
8491,68.58974358974359
8496,60.0
8497,50.0
8499,70.0
8502,0.0
8508,105.55555555555557
8516,86.45833333333333
8519,128.33333333333331
8528,0.0
8534,93.33333333333333
8540,35.0
8541,91.25
8546,143.33333333333331
8549,111.66666666666667
8552,68.33333333333334
8553,59.166666666666664
8555,66.75925925925927
8556,120.0
8557,36.111111111111114
8564,112.5
8569,58.33333333333334
8585,39.66666666666667
8594,134.375
8595,109.16666666666667
8607,50.833333333333336
8610,87.5
8639,6.666666666666667
8641,45.0
8646,21.296296296296298
8649,52.083333333333336
8650,5.833333333333334
8651,150.0
8657,12.5
8658,52.450980392156865
8661,78.8888888888889
8662,20.0
8668,46.66666666666666
8670,70.11904761904762
8671,339.58333333333337
8672,69.23076923076923
8673,110.99877450980391
8675,122.49999999999999
8681,120.0
8683,97.33333333333334
8697,95.0
8698,5.416666666666666
8702,118.58974358974359
8704,40.0
8706,57.77777777777778
8707,88.33333333333333
8708,95.58823529411764
8718,10.0
8720,16.666666666666664
8723,187.5
8724,152.5
8725,62.5
8730,80.13888888888889
8731,22.5
8733,20.0
8766,88.88888888888889
8767,24.999999999999996
8768,70.0
8769,63.333333333333336
8770,15.320512820512821
8773,87.5
8774,49.58333333333333
8777,153.33333333333331
8787,60.0
8788,68.75
8792,0.0
8793,17.083333333333336
8804,10.0
8806,14.285714285714285
8809,0.0
8812,7.142857142857142
8815,83.75
8818,62.5
8822,7.222222222222222
8824,27.916666666666668
8826,16.666666666666664
8827,24.166666666666664
8830,125.0
8833,7.777777777777777
8834,69.16666666666666
8835,10.833333333333332
8837,50.0
8839,37.5
8840,10.833333333333332
8842,0.0
8844,42.083333333333336
8849,35.208333333333336
8850,140.0
8855,21.212121212121207
8856,89.11111111111111
8858,120.83333333333334
8865,6.666666666666667
8867,100.0
8869,23.33333333333333
8874,33.333333333333336
8875,48.33333333333333
8876,165.0
8883,54.059829059829056
8884,142.82051282051282
8904,100.0
8906,42.85714285714285
8929,53.205128205128204
8935,11.11111111111111
8939,45.238095238095234
8944,70.0
8958,59.99999999999999
8960,41.28787878787878
8968,75.0
8972,117.49999999999999
8980,33.33333333333333
8985,39.351851851851855
8989,92.64705882352942
8990,19.444444444444446
9002,170.83333333333334
9003,75.0
9008,113.8888888888889
9010,100.0
9014,135.83333333333331
9016,81.25
9017,18.333333333333336
9021,103.8888888888889
9026,20.9375
9027,42.5
9047,42.65873015873016
9049,79.58333333333334
9051,17.77777777777778
9057,40.0
9073,60.83333333333333
9086,134.16666666666669
9090,19.444444444444446
9092,40.0
9093,96.42857142857143
9096,114.28571428571428
9102,14.166666666666664
9103,10.0
9109,100.0
9111,30.0
9114,162.91666666666666
9120,55.625
9126,42.85714285714285
9128,73.88888888888889
9134,96.11111111111111
9138,50.0
9168,10.0
9169,73.33333333333334
9172,208.33333333333331
9174,108.33333333333334
9175,198.80952380952382
9182,25.0
9199,25.0
9200,0.0
9217,10.0
9225,52.5
9248,73.05555555555554
9271,20.0
9273,26.38888888888889
9275,0.0
9282,48.958333333333336
9283,87.5
9284,115.625
9293,12.5
9302,17.857142857142854
9308,12.5
9317,41.25
9328,88.33333333333333
9331,103.47222222222223
9332,25.0
9334,138.75
9335,12.083333333333332
9336,56.66666666666667
9338,48.61111111111111
9339,80.0
9411,40.83333333333333
9412,55.416666666666664
9414,173.75
9419,108.33333333333333
9422,121.66666666666667
9423,29.166666666666664
9428,0.0
9431,20.0
9432,10.666666666666668
9451,36.666666666666664
9454,0.0
9456,0.5555555555555555
9466,6.25
9468,39.16666666666667
9473,50.41666666666667
9474,100.83333333333333
9487,68.33333333333334
9489,64.77920227920228
9491,93.33333333333333
9493,39.583333333333336
9494,151.66666666666666
9497,135.0
9499,26.111111111111107
9500,68.91891891891892
9501,43.05555555555556
9518,83.33333333333334
9519,28.47222222222222
9526,112.5
9528,120.0
9531,25.0
9532,93.38541666666666
9545,31.666666666666668
9579,5.833333333333333
9598,57.14285714285714
9599,63.75
9616,14.166666666666664
9617,99.58333333333333
9625,17.499999999999996
9636,105.0
9639,51.666666666666664
9640,120.83333333333333
9641,100.0
9646,38.33333333333333
9678,141.66666666666669
9679,10.0
9680,13.69047619047619
9681,48.3974358974359
9682,120.0
9683,94.23076923076923
9684,21.15740740740741
9685,56.43939393939395
9690,84.05797101449275
9693,70.0
9723,187.49999999999994
9728,90.0
9740,191.66666666666663
9765,10.0
9769,27.5
9771,69.44444444444443
9772,125.0
9796,0.0
9800,40.0
9804,136.11111111111111
9810,180.0
9816,35.0
9818,75.55555555555556
9820,0.0
9826,202.3809523809524
9831,136.89814814814815
9833,126.66666666666667
9843,3.125
9845,202.5
9847,50.0
9870,52.38095238095238
9874,141.66666666666666
9875,86.52777777777777
9876,152.5
9878,170.0
9902,31.076388888888886
9903,71.9949494949495
9909,0.0
9915,31.736111111111107
9927,40.0
9928,120.1388888888889
9952,0.0
9959,160.0
9983,10.0
9998,20.0
10002,1.6666666666666665
10009,85.625
10022,60.0
10028,60.0
10029,47.5
10033,69.28571428571428
10034,17.857142857142854
10044,78.88888888888889
10050,14.166666666666664
10064,90.83333333333334
10070,57.08333333333333
10071,21.717171717171716
10072,112.5
10074,18.333333333333336
10075,30.0
10076,41.34615384615385
10079,38.88888888888889
10082,11.924424424424425
10083,42.152777777777786
10084,15.876068376068377
10085,23.611111111111114
10092,100.0
10104,96.66666666666667
10119,0.0
